date,open,high,low,close,volume
14.01.2015,491.94281,500.475861,490.301849,498.128784,2235700
15.01.2015,502.80304,502.912445,495.035797,499.043732,2715800
16.01.2015,497.273468,505.408722,497.263519,505.299316,2298300
20.01.2015,508.203339,509.695129,503.246613,504.125763,2227900
21.01.2015,504.473846,516.437988,503.429596,515.204773,2268700
22.01.2015,518.625977,533.394714,516.855713,531.465332,2676900
23.01.2015,532.658752,539.202759,530.082947,536.994873,2273000
26.01.2015,535.582642,536.05011,526.771179,532.280823,1543700
27.01.2015,527.069519,527.795532,515.354004,515.791565,1904000
28.01.2015,519.918884,520.127686,507.208801,507.208801,1683800
29.01.2015,508.203339,508.292847,498.45697,507.865204,4186400
30.01.2015,513.036743,536.915344,512.698608,531.594604,5606400
02.02.2015,528.819885,530.082947,515.712036,525.587646,2849800
03.02.2015,525.110291,530.480713,520.39624,526.343506,2034800
04.02.2015,526.343506,529.756714,518.417114,519.898987,1663700
05.02.2015,520.92334,525.607544,519.232666,524.692566,1849800
06.02.2015,524.752258,534.259949,523.528992,528.093872,1749400
09.02.2015,525.110291,529.088379,523.141113,524.941223,1267800
10.02.2015,526.403198,534.757202,524.036194,534.001343,1749900
11.02.2015,532.370361,535.503113,530.458862,533.036682,1377800
12.02.2015,534.309692,541.838257,531.746765,539.958557,1620200
13.02.2015,540.376282,546.900391,540.157471,546.00531,1900300
17.02.2015,543.837219,546.989868,538.128662,539.86908,1616800
18.02.2015,538.436951,542.504578,534.568237,536.746277,1451600
19.02.2015,535.097717,540.140015,535.067932,539.901306,991800
20.02.2015,540.157471,540.774109,532.867615,536.000366,1444400
23.02.2015,533.116211,533.503113,526.512573,528.998901,1457900
24.02.2015,527.099365,533.852173,525.358948,533.156006,1005100
25.02.2015,532.967041,543.230591,532.514526,540.893433,1826000
26.02.2015,540.237061,553.096313,538.536377,552.43988,2311500
27.02.2015,551.206665,561.619385,549.874023,555.343933,2410200
02.03.2015,557.46228,569.018677,555.692017,568.213074,2129600
03.03.2015,567.327942,572.240906,563.419495,570.500488,1704800
04.03.2015,568.740173,573.951538,564.901306,570.231995,1718500
05.03.2015,571.872925,574.747131,570.27179,572.181274,1389600
06.03.2015,571.733704,573.523865,563.658142,564.578125,1659100
09.03.2015,563.757629,567.148926,560.450806,565.736694,1062100
10.03.2015,561.161926,561.758606,551.694031,551.972473,1772400
11.03.2015,552.101746,555.085327,547.666138,548.163452,1820800
12.03.2015,550.480652,553.325012,547.447388,552.469727,1389600
13.03.2015,550.470703,555.343933,541.241516,544.324585,1703600
16.03.2015,547.934692,553.802368,543.01178,551.47522,1641000
17.03.2015,548.690552,550.769104,545.000854,547.825317,1803200
18.03.2015,549.476196,556.71637,544.006287,556.437866,2130200
19.03.2015,556.328491,557.730774,553.101257,554.936157,1197300
20.03.2015,558.576111,558.645752,555.990356,557.293213,2616900
23.03.2015,557.362793,559.282227,552.787964,555.751648,1630100
24.03.2015,559.48114,571.445313,558.13855,567.069397,2583300
25.03.2015,567.377686,569.128052,555.682068,555.726807,2152300
26.03.2015,554.53833,555.841187,547.636353,552.131592,1572600
27.03.2015,549.97345,552.240967,545.130127,545.338989,1894400
30.03.2015,548.601013,550.440918,545.169922,549.008789,1287500
31.03.2015,546.989868,551.674133,543.727844,545.000854,1588000
01.04.2015,545.597534,548.123657,536.547363,539.590576,1952900
02.04.2015,537.889954,537.889954,530.925293,532.59906,1716400
06.04.2015,529.30719,535.463318,526.671692,533.827332,1324400
07.04.2015,535.135132,539.71991,533.066528,534.080933,1302900
08.04.2015,535.433472,540.873535,535.433472,538.645813,1178500
09.04.2015,538.06897,538.983948,532.559326,537.820374,1557900
10.04.2015,539.322083,539.322083,534.369324,537.054565,1409500
13.04.2015,535.463318,541.082397,534.369324,536.219177,1645300
14.04.2015,533.315125,534.62793,525.201782,527.487183,2597300
15.04.2015,525.808838,531.805847,520.358765,529.617859,2325200
16.04.2015,526.999878,532.658752,526.711487,530.87854,1299900
17.04.2015,525.766663,526.940247,518.158569,521.181885,2144100
20.04.2015,522.72345,533.156006,521.629456,532.44989,1679300
21.04.2015,534.570618,536.440369,530.756592,531.049988,1849800
22.04.2015,531.475281,538.118713,528.839783,536.413086,1593600
23.04.2015,538.039124,547.944641,537.273376,544.006287,4184900
24.04.2015,563.00177,568.01416,554.200195,561.967468,4932500
27.04.2015,563.390015,565.950012,553.200012,555.369995,2398000
28.04.2015,554.640015,556.02002,550.366028,553.679993,1491000
29.04.2015,550.469971,553.679993,546.905029,549.080017,1698800
30.04.2015,547.869995,548.590027,535.049988,537.340027,2082200
01.05.2015,538.429993,539.539978,532.099976,537.900024,1768200
04.05.2015,538.530029,544.070007,535.059998,540.780029,1308000
05.05.2015,538.210022,539.73999,530.390991,530.799988,1383100
06.05.2015,531.23999,532.380005,521.085022,524.219971,1567000
07.05.2015,523.98999,533.460022,521.75,530.700012,1546300
08.05.2015,536.650024,541.150024,525,538.219971,1527600
11.05.2015,538.369995,541.97998,535.400024,535.700012,905300
12.05.2015,531.599976,533.208984,525.26001,529.039978,1634200
13.05.2015,530.559998,534.322021,528.655029,529.619995,1252300
14.05.2015,533.77002,539,532.409973,538.400024,1403900
15.05.2015,539.179993,539.273987,530.380005,533.849976,1971300
18.05.2015,532.01001,534.820007,528.849976,532.299988,1998600
19.05.2015,533.97998,540.659973,533.039978,537.359985,1966900
20.05.2015,538.48999,542.919983,532.971985,539.27002,1430800
21.05.2015,537.950012,543.840027,535.97998,542.51001,1462700
22.05.2015,540.150024,544.190002,539.51001,540.109985,1176200
26.05.2015,538.119995,539,529.880005,532.320007,2406500
27.05.2015,532.799988,540.549988,531.710022,539.789978,1525000
28.05.2015,538.01001,540.609985,536.25,539.780029,1029800
29.05.2015,537.369995,538.630005,531.450012,532.109985,2584900
01.06.2015,536.789978,536.789978,529.76001,533.98999,1904300
02.06.2015,532.929993,543,531.330017,539.179993,1934700
03.06.2015,539.909973,543.5,537.109985,540.309998,1717000
04.06.2015,537.76001,540.590027,534.320007,536.700012,1348300
05.06.2015,536.349976,537.200012,532.52002,533.330017,1388200
08.06.2015,533.309998,534.119995,526.23999,526.830017,1520600
09.06.2015,527.559998,529.200012,523.01001,526.690002,1455300
10.06.2015,529.359985,538.359985,529.349976,536.690002,1815000
11.06.2015,538.424988,538.97998,533.02002,534.609985,1217500
12.06.2015,531.599976,533.119995,530.159973,532.330017,955800
15.06.2015,528,528.299988,524,527.200012,1632700
16.06.2015,528.400024,529.640015,525.559998,528.150024,1071800
17.06.2015,529.369995,530.97998,525.099976,529.26001,1294200
18.06.2015,531,538.150024,530.789978,536.72998,1833100
19.06.2015,537.210022,538.25,533.01001,536.690002,1893500
22.06.2015,539.590027,543.73999,537.530029,538.190002,1250300
23.06.2015,539.640015,541.499023,535.25,540.47998,1197500
24.06.2015,540,540,535.659973,537.840027,1286600
25.06.2015,538.869995,540.900024,535.22998,535.22998,1335700
26.06.2015,537.26001,537.76001,531.349976,531.690002,2109100
29.06.2015,525.01001,528.609985,520.539978,521.52002,1937800
30.06.2015,526.02002,526.25,520.5,520.51001,2235600
01.07.2015,524.72998,525.690002,518.22998,521.840027,1961000
02.07.2015,521.080017,524.650024,521.080017,523.400024,1235900
06.07.2015,519.5,525.25,519,522.859985,1280500
07.07.2015,523.130005,526.179993,515.179993,525.02002,1597200
08.07.2015,521.049988,522.734009,516.109985,516.830017,1296700
09.07.2015,523.119995,523.77002,520.349976,520.679993,1842300
10.07.2015,526.289978,532.559998,525.549988,530.130005,1956700
13.07.2015,532.880005,547.109985,532.400024,546.549988,2206500
14.07.2015,546.76001,565.848999,546.710022,561.099976,3244100
15.07.2015,560.130005,566.502991,556.789978,560.219971,1784600
16.07.2015,565.119995,580.679993,565,579.849976,4768300
17.07.2015,649,674.468018,645,672.929993,11164900
20.07.2015,659.23999,668.880005,653.01001,663.02002,5860900
21.07.2015,655.210022,673,654.299988,662.299988,3377200
22.07.2015,660.890015,678.640015,659,662.099976,3929300
23.07.2015,661.27002,663.630005,641,644.280029,3029100
24.07.2015,647,648.169983,622.52002,623.559998,3625700
27.07.2015,621,634.299988,620.5,627.26001,2675400
28.07.2015,632.830017,632.830017,623.309998,628,1727300
29.07.2015,628.799988,633.359985,622.650024,631.929993,1575100
30.07.2015,630,635.219971,622.049988,632.590027,1474200
31.07.2015,631.380005,632.909973,625.5,625.609985,1706100
03.08.2015,625.340027,633.05603,625.340027,631.210022,1304500
04.08.2015,628.419983,634.809998,627.159973,629.25,1490900
05.08.2015,634.330017,647.859985,633.159973,643.780029,2334300
06.08.2015,645,645.379028,632.25,642.679993,1572600
07.08.2015,640.22998,642.679993,629.710022,635.299988,1403900
10.08.2015,639.47998,643.440002,631.249023,633.72998,1809200
11.08.2015,669.200012,674.900024,654.27002,660.780029,5000900
12.08.2015,663.080017,665,652.289978,659.559998,2936700
13.08.2015,659.322021,664.5,651.661011,656.450012,1810700
14.08.2015,655.01001,659.85498,652.659973,657.119995,1069900
17.08.2015,656.799988,661.380005,651.23999,660.869995,1051700
18.08.2015,661.900024,664,653.460022,656.130005,1456100
19.08.2015,656.599976,667,654.190002,660.900024,2134100
20.08.2015,655.460022,662.98999,642.900024,646.830017,2855300
21.08.2015,639.780029,640.049988,612.330017,612.47998,4265200
24.08.2015,573,599.330017,565.049988,589.609985,5770300
25.08.2015,614.909973,617.450012,581.109985,582.059998,3538000
26.08.2015,610.349976,631.710022,599.049988,628.619995,4235900
27.08.2015,639.400024,643.590027,622,637.609985,3491300
28.08.2015,632.820007,636.880005,624.559998,630.380005,1978700
31.08.2015,627.539978,635.799988,617.679993,618.25,2161200
01.09.2015,602.359985,612.859985,594.099976,597.789978,3702100
02.09.2015,605.590027,614.340027,599.710022,614.340027,2575600
03.09.2015,617,619.710022,602.820984,606.25,1759600
04.09.2015,600,603.469971,595.25,600.700012,2089000
08.09.2015,612.48999,616.309998,604.119995,614.659973,2279500
09.09.2015,621.219971,626.52002,609.599976,612.719971,1693900
10.09.2015,613.099976,624.159973,611.429993,621.349976,1905300
11.09.2015,619.75,625.780029,617.419983,625.77002,1373500
14.09.2015,625.700012,625.859985,619.429993,623.23999,1702300
15.09.2015,626.700012,638.700012,623.780029,635.140015,2082100
16.09.2015,635.469971,637.950012,632.320007,635.97998,1286500
17.09.2015,637.789978,650.900024,635.02002,642.900024,2274700
18.09.2015,636.789978,640,627.02002,629.25,5087600
21.09.2015,634.400024,636.48999,625.940002,635.440002,1788500
22.09.2015,627,627.549988,615.429993,622.690002,2562900
23.09.2015,622.049988,628.929993,620,622.359985,1470900
24.09.2015,616.640015,627.320007,612.400024,625.799988,2240100
25.09.2015,629.77002,629.77002,611,611.969971,2174000
28.09.2015,610.340027,614.60498,589.380005,594.890015,3127700
29.09.2015,597.280029,605,590.219971,594.969971,2309500
30.09.2015,603.280029,608.76001,600.72998,608.419983,2403800
01.10.2015,608.369995,612.090027,599.849976,611.289978,1867600
02.10.2015,607.200012,627.340027,603.130005,626.909973,2684800
05.10.2015,632,643.01001,627,641.469971,1803600
06.10.2015,638.840027,649.25,636.530029,645.440002,2166300
07.10.2015,649.23999,650.609009,632.150024,642.359985,2092700
08.10.2015,641.359985,644.450012,625.559998,639.159973,2182100
09.10.2015,640,645.98999,635.317993,643.609985,1648700
12.10.2015,642.090027,648.5,639.01001,646.669983,1275200
13.10.2015,643.150024,657.812012,643.150024,652.299988,1807700
14.10.2015,653.210022,659.390015,648.849976,651.159973,1415500
15.10.2015,654.659973,663.130005,654.460022,661.73999,1885700
16.10.2015,664.109985,664.969971,657.200012,662.200012,1611100
19.10.2015,661.179993,666.820007,659.580017,666.099976,1477300
20.10.2015,664.039978,664.719971,644.195007,650.280029,2490000
21.10.2015,654.150024,655.869995,641.72998,642.609985,1791100
22.10.2015,646.700012,657.799988,644.01001,651.789978,4071000
23.10.2015,727.5,730,701.5,702,6653900
26.10.2015,701.549988,719.150024,701.26001,712.780029,2716600
27.10.2015,707.380005,713.619995,704.549988,708.48999,2245800
28.10.2015,707.330017,712.97998,703.080017,712.950012,2178900
29.10.2015,710.5,718.26001,710.01001,716.919983,1454100
30.10.2015,715.72998,718,710.049988,710.809998,1908800
02.11.2015,711.059998,721.619995,705.849976,721.109985,1886300
03.11.2015,718.859985,724.650024,714.719971,722.159973,1565400
04.11.2015,722,733.099976,721.900024,728.109985,1704600
05.11.2015,729.469971,739.47998,729.469971,731.25,1861600
06.11.2015,731.5,735.409973,727.01001,733.76001,1511600
09.11.2015,730.200012,734.710022,719.429993,724.890015,2069800
10.11.2015,724.400024,730.590027,718.5,728.320007,1608000
11.11.2015,732.460022,741,730.22998,735.400024,1366400
12.11.2015,731,737.799988,728.64502,731.22998,1837200
13.11.2015,729.169983,731.150024,716.72998,717,2075500
16.11.2015,715.599976,729.48999,711.330017,728.960022,1905900
17.11.2015,729.289978,731.844971,723.026978,725.299988,1510900
18.11.2015,727.580017,741.409973,727,740,1684300
19.11.2015,738.73999,742,737.429993,738.409973,1327100
20.11.2015,746.530029,757.919983,743,756.599976,2212300
23.11.2015,757.450012,762.708008,751.820007,755.97998,1414500
24.11.2015,752,755.278992,737.630005,748.280029,2333100
25.11.2015,748.140015,752,746.059998,748.150024,1122100
27.11.2015,748.460022,753.409973,747.48999,750.26001,838500
30.11.2015,748.809998,754.929993,741.27002,742.599976,2097600
01.12.2015,747.109985,768.950012,746.700012,767.039978,2134600
02.12.2015,768.900024,775.955017,758.960022,762.380005,2230400
03.12.2015,766.01001,768.994995,745.630005,752.539978,2590600
04.12.2015,753.099976,768.48999,750,766.809998,2757300
07.12.2015,767.77002,768.72998,755.090027,763.25,1812300
08.12.2015,757.890015,764.799988,754.200012,762.369995,1829500
09.12.2015,759.169983,764.22998,737.000977,751.609985,2700000
10.12.2015,752.849976,755.849976,743.830017,749.460022,1984900
11.12.2015,741.159973,745.710022,736.75,738.869995,2224400
14.12.2015,741.789978,748.72998,724.169983,747.77002,2412500
15.12.2015,753,758.080017,743.01001,743.400024,2666200
16.12.2015,750,760.590027,739.434998,758.090027,1993300
17.12.2015,762.419983,762.679993,749,749.429993,1553400
18.12.2015,746.51001,754.130005,738.150024,739.309998,3148700
21.12.2015,746.130005,750,740,747.77002,1525700
22.12.2015,751.650024,754.849976,745.530029,750,1365400
23.12.2015,753.469971,754.210022,744,750.309998,1565900
24.12.2015,749.549988,751.349976,746.619995,748.400024,527200
28.12.2015,752.919983,762.98999,749.52002,762.51001,1515300
29.12.2015,766.690002,779.97998,766.429993,776.599976,1765000
30.12.2015,776.599976,777.599976,766.900024,771,1293300
31.12.2015,769.5,769.5,758.340027,758.880005,1500900
04.01.2016,743,744.059998,731.257996,741.840027,3272800
05.01.2016,746.450012,752,738.640015,742.580017,1950700
06.01.2016,730,747.179993,728.919983,743.619995,1947000
07.01.2016,730.309998,738.5,719.059998,726.390015,2963700
08.01.2016,731.450012,733.22998,713,714.469971,2450900
11.01.2016,716.609985,718.85498,703.539978,716.030029,2089300
12.01.2016,721.679993,728.75,717.317017,726.070007,2024500
13.01.2016,730.849976,734.73999,698.609985,700.559998,2501700
14.01.2016,705.380005,721.924988,689.099976,714.719971,2225800
15.01.2016,692.289978,706.73999,685.369995,694.450012,3608100
19.01.2016,703.299988,709.97998,693.409973,701.789978,2268100
20.01.2016,688.609985,706.849976,673.26001,698.450012,3445000
21.01.2016,702.179993,719.190002,694.460022,706.590027,2412200
22.01.2016,723.599976,728.130005,720.120972,725.25,2011800
25.01.2016,723.580017,729.679993,710.01001,711.669983,1711700
26.01.2016,713.849976,718.280029,706.47998,713.039978,1324300
27.01.2016,713.669983,718.234985,694.390015,699.98999,2194200
28.01.2016,722.219971,733.690002,712.349976,730.960022,2676400
29.01.2016,731.530029,744.98999,726.799988,742.950012,3474300
01.02.2016,750.460022,757.859985,743.27002,752,5139200
02.02.2016,784.5,789.869995,764.650024,764.650024,6348100
03.02.2016,770.219971,774.5,720.5,726.950012,6171000
04.02.2016,722.809998,727,701.859985,708.01001,5145900
05.02.2016,703.869995,703.98999,680.150024,683.570007,5105700
08.02.2016,667.849976,684.030029,663.059998,682.73999,4247400
09.02.2016,672.320007,699.900024,668.77002,678.109985,3604300
10.02.2016,686.859985,701.309998,682.130005,684.119995,2638000
11.02.2016,675,689.349976,668.867981,683.109985,3024000
12.02.2016,690.26001,693.75,678.599976,682.400024,2141400
16.02.2016,692.97998,698,685.049988,691,2520000
17.02.2016,698.090027,709.75,691.380005,708.400024,2492600
18.02.2016,710,712.349976,696.030029,697.349976,1883200
19.02.2016,695.030029,703.080994,694.049988,700.909973,1589300
22.02.2016,707.450012,713.23999,702.51001,706.460022,1949800
23.02.2016,701.450012,708.400024,693.580017,695.849976,2009300
24.02.2016,688.919983,700,680.780029,699.559998,1963600
25.02.2016,700.01001,705.97998,690.585022,705.75,1631900
26.02.2016,708.580017,713.429993,700.859985,705.070007,2243500
29.02.2016,700.320007,710.890015,697.679993,697.77002,2481100
01.03.2016,703.619995,718.809998,699.77002,718.809998,2151400
02.03.2016,719,720,712,718.849976,1629000
03.03.2016,718.679993,719.450012,706.02002,712.419983,1956800
04.03.2016,714.98999,716.48999,706.02002,710.890015,1972100
07.03.2016,706.900024,708.091003,686.900024,695.159973,2985100
08.03.2016,688.590027,703.789978,685.340027,693.969971,2076300
09.03.2016,698.469971,705.679993,694,705.23999,1421500
10.03.2016,708.119995,716.440002,703.359985,712.820007,2829400
11.03.2016,720,726.919983,717.125,726.820007,1970800
14.03.2016,726.809998,735.5,725.150024,730.48999,1718300
15.03.2016,726.919983,732.289978,724.77002,728.330017,1721000
16.03.2016,726.369995,737.469971,724.51001,736.090027,1624400
17.03.2016,736.450012,743.070007,736,737.780029,1860800
18.03.2016,741.859985,742,731.830017,737.599976,2980700
21.03.2016,736.5,742.5,733.515991,742.090027,1836500
22.03.2016,737.460022,745,737.460022,740.75,1269700
23.03.2016,742.359985,745.719971,736.150024,738.059998,1432100
24.03.2016,732.01001,737.747009,731,735.299988,1594900
28.03.2016,736.789978,738.98999,732.5,733.530029,1301300
29.03.2016,734.590027,747.25,728.76001,744.77002,1902100
30.03.2016,750.099976,757.880005,748.73999,750.530029,1782400
31.03.2016,749.25,750.849976,740.940002,744.950012,1718800
01.04.2016,738.599976,750.340027,737,749.909973,1576700
04.04.2016,750.059998,752.799988,742.429993,745.289978,1134200
05.04.2016,738,742.799988,735.369995,737.799988,1132300
06.04.2016,735.77002,746.23999,735.559998,745.690002,1050200
07.04.2016,745.369995,747,736.280029,740.280029,1453200
08.04.2016,743.969971,745.450012,735.549988,739.150024,1290800
11.04.2016,743.02002,745,736.049988,736.099976,1220100
12.04.2016,738,743.830017,731.01001,743.090027,1349700
13.04.2016,749.159973,754.380005,744.260986,751.719971,1707100
14.04.2016,754.01001,757.309998,752.705017,753.200012,1131000
15.04.2016,753.97998,761,752.69397,759,1809300
18.04.2016,760.460022,768.049988,757.299988,766.609985,1556000
19.04.2016,769.51001,769.900024,749.330017,753.929993,2030500
20.04.2016,758,758.132019,750.01001,752.669983,1529200
21.04.2016,755.380005,760.450012,749.549988,759.140015,3060500
22.04.2016,726.299988,736.119995,713.609985,718.77002,5951900
25.04.2016,716.099976,723.929993,715.590027,723.150024,1959200
26.04.2016,725.419983,725.765991,703.026001,708.140015,2744600
27.04.2016,707.289978,708.97998,692.36499,705.840027,3098600
28.04.2016,708.26001,714.169983,689.549988,691.02002,2867300
29.04.2016,690.700012,697.619995,689,693.01001,2487700
02.05.2016,697.630005,700.640015,691,698.210022,1645300
03.05.2016,696.869995,697.840027,692,692.359985,1543800
04.05.2016,690.48999,699.75,689.01001,695.700012,1688600
05.05.2016,697.700012,702.320007,695.719971,701.429993,1683500
06.05.2016,698.380005,711.859985,698.106995,711.119995,1829300
09.05.2016,712,718.710022,710,712.900024,1510300
10.05.2016,716.75,723.5,715.719971,723.179993,1563100
11.05.2016,723.409973,724.47998,712.799988,715.289978,1692100
12.05.2016,717.059998,719.25,709,713.309998,1360700
13.05.2016,711.929993,716.661987,709.26001,710.830017,1314500
16.05.2016,709.130005,718.47998,705.650024,716.48999,1317100
17.05.2016,715.98999,721.52002,704.109985,706.22998,2001200
18.05.2016,703.669983,711.599976,700.630005,706.630005,1766800
19.05.2016,702.359985,706,696.799988,700.320007,1670200
20.05.2016,701.619995,714.580017,700.52002,709.73999,1828400
23.05.2016,706.530029,711.478027,704.179993,704.23999,1320900
24.05.2016,706.859985,720.969971,706.859985,720.090027,1929500
25.05.2016,720.76001,727.51001,719.705017,725.27002,1629200
26.05.2016,722.869995,728.330017,720.280029,724.119995,1542900
27.05.2016,724.01001,733.935974,724,732.659973,1975000
31.05.2016,731.73999,739.72998,731.26001,735.719971,2129500
01.06.2016,734.530029,737.210022,730.659973,734.150024,1253600
02.06.2016,732.5,733.02002,724.169983,730.400024,1337600
03.06.2016,729.27002,729.48999,720.559998,722.340027,1226300
06.06.2016,724.909973,724.909973,714.609985,716.549988,1565300
07.06.2016,719.840027,721.97998,716.549988,716.650024,1336200
08.06.2016,723.960022,728.570007,720.580017,728.280029,1583700
09.06.2016,722.869995,729.539978,722.335999,728.580017,988900
10.06.2016,719.469971,725.890015,716.429993,719.409973,1216400
13.06.2016,716.51001,725.440002,716.51001,718.359985,1258900
14.06.2016,716.47998,722.469971,713.119995,718.27002,1306100
15.06.2016,719,722.97998,717.309998,718.919983,1214500
16.06.2016,714.909973,716.650024,703.26001,710.359985,1982500
17.06.2016,708.650024,708.820007,688.452026,691.719971,3402400
20.06.2016,698.77002,702.47998,693.409973,693.710022,2082500
21.06.2016,698.400024,702.77002,692.01001,695.940002,1465600
22.06.2016,699.059998,700.859985,693.08197,697.460022,1184300
23.06.2016,697.450012,701.950012,687,701.869995,2171400
24.06.2016,675.169983,689.400024,673.450012,675.219971,4449000
27.06.2016,671,672.299988,663.283997,668.26001,2629000
28.06.2016,678.969971,680.330017,673,680.039978,2173800
29.06.2016,683,687.429016,681.409973,684.109985,1932600
30.06.2016,685.469971,692.320007,683.650024,692.099976,1597700
01.07.2016,692.200012,700.650024,692.130005,699.210022,1344700
05.07.2016,696.059998,696.940002,688.880005,694.950012,1462600
06.07.2016,689.97998,701.679993,689.090027,697.77002,1411900
07.07.2016,698.080017,698.200012,688.215027,695.359985,1303100
08.07.2016,699.5,705.710022,696.434998,705.630005,1575200
11.07.2016,708.049988,716.51001,707.23999,715.090027,1111800
12.07.2016,719.119995,722.940002,715.909973,720.640015,1336900
13.07.2016,723.619995,724,716.849976,716.97998,935900
14.07.2016,721.580017,722.210022,718.030029,720.950012,950200
15.07.2016,725.72998,725.73999,719.054993,719.849976,1279300
18.07.2016,722.710022,736.130005,721.190002,733.780029,1295500
19.07.2016,729.890015,736.98999,729,736.960022,1227500
20.07.2016,737.330017,742.130005,737.099976,741.190002,1289700
21.07.2016,740.359985,741.690002,735.830994,738.630005,1026300
22.07.2016,741.859985,743.23999,736.559998,742.73999,1259800
25.07.2016,740.669983,742.609985,737.5,739.77002,1032400
26.07.2016,739.039978,741.690002,734.27002,738.419983,1186700
27.07.2016,738.280029,744.460022,737,741.77002,1497100
28.07.2016,747.039978,748.650024,739.299988,745.909973,3530200
29.07.2016,772.710022,778.549988,766.77002,768.789978,3841500
01.08.2016,761.090027,780.429993,761.090027,772.880005,2700500
02.08.2016,768.690002,775.840027,767.849976,771.070007,1784500
03.08.2016,767.179993,773.210022,766.820007,773.179993,1287400
04.08.2016,772.219971,774.070007,768.794983,771.609985,1139400
05.08.2016,773.780029,783.039978,772.340027,782.219971,1801200
08.08.2016,782,782.630005,778.091003,781.76001,1107900
09.08.2016,781.099976,788.940002,780.570007,784.26001,1318900
10.08.2016,783.75,786.812012,782.778015,784.679993,786400
11.08.2016,785,789.75,782.969971,784.849976,971100
12.08.2016,781.5,783.39502,780.400024,783.219971,740500
15.08.2016,783.75,787.48999,780.109985,782.440002,938200
16.08.2016,780.299988,780.97998,773.44397,777.140015,1028000
17.08.2016,777.320007,780.809998,773.530029,779.909973,924200
18.08.2016,780.01001,782.859985,777,777.5,719400
19.08.2016,775,777.099976,773.130005,775.419983,861500
22.08.2016,773.27002,774.539978,770.049988,772.150024,951400
23.08.2016,775.47998,776.440002,771.784973,772.080017,928200
24.08.2016,770.580017,774.5,767.070007,769.640015,1072000
25.08.2016,767,771.890015,763.184998,769.409973,926900
26.08.2016,769,776.080017,765.849976,769.539978,1166700
29.08.2016,768.73999,774.98999,766.61499,772.150024,841000
30.08.2016,769.330017,774.466003,766.840027,769.090027,1130000
31.08.2016,767.01001,769.090027,765.380005,767.049988,1248600
01.09.2016,769.25,771.02002,764.299988,768.780029,925100
02.09.2016,773.01001,773.919983,768.409973,771.460022,1072700
06.09.2016,773.450012,782,771,780.080017,1442800
07.09.2016,780,782.72998,776.200012,780.349976,893700
08.09.2016,778.590027,780.349976,773.580017,775.320007,1260600
09.09.2016,770.099976,773.244995,759.659973,759.659973,1885500
12.09.2016,755.130005,770.289978,754,769.02002,1311000
13.09.2016,764.47998,766.219971,755.799988,759.690002,1395000
14.09.2016,759.609985,767.679993,759.109985,762.48999,1087400
15.09.2016,762.890015,773.799988,759.960022,771.76001,1305100
16.09.2016,769.75,769.75,764.659973,768.880005,2049300
19.09.2016,772.419983,774,764.440979,765.700012,1171100
20.09.2016,769,773.330017,768.530029,771.409973,978600
21.09.2016,772.659973,777.159973,768.301025,776.219971,1167800
22.09.2016,780,789.849976,778.440002,787.210022,1486200
23.09.2016,786.590027,788.929993,784.150024,786.900024,1411900
26.09.2016,782.73999,782.73999,773.070007,774.210022,1533200
27.09.2016,775.5,785.98999,774.307983,783.01001,1153200
28.09.2016,777.849976,781.809998,774.969971,781.559998,1109800
29.09.2016,781.440002,785.799988,774.231995,775.01001,1314700
30.09.2016,776.330017,780.940002,774.090027,777.289978,1585300
03.10.2016,774.25,776.065002,769.5,772.559998,1278800
04.10.2016,776.030029,778.710022,772.890015,776.429993,1201400
05.10.2016,779.309998,782.070007,775.650024,776.469971,1461200
06.10.2016,779,780.47998,775.539978,776.859985,1070700
07.10.2016,779.659973,779.659973,770.75,775.080017,933200
10.10.2016,777.710022,789.380005,775.869995,785.940002,1161400
11.10.2016,786.659973,792.280029,780.580017,783.070007,1372500
12.10.2016,783.76001,788.130005,782.059998,786.140015,937400
13.10.2016,781.219971,781.219971,773,778.190002,1365300
14.10.2016,781.650024,783.950012,776,778.530029,852500
17.10.2016,779.799988,785.849976,777.5,779.960022,1093000
18.10.2016,787.849976,801.609985,785.565002,795.26001,1995600
19.10.2016,798.23999,804.599976,798.030029,801.5,1766800
20.10.2016,803.299988,803.969971,796.030029,796.969971,1757500
21.10.2016,795,799.5,794,799.369995,1266200
24.10.2016,804.900024,815.179993,804.820007,813.109985,1697500
25.10.2016,816.679993,816.679993,805.140015,807.669983,1576400
26.10.2016,806.340027,806.97998,796.320007,799.070007,1647700
27.10.2016,801,803.48999,791.5,795.349976,2749200
28.10.2016,808.349976,815.48999,793.590027,795.369995,4269900
31.10.2016,795.469971,796.859985,784,784.539978,2427300
01.11.2016,782.890015,789.48999,775.539978,783.609985,2406400
02.11.2016,778.200012,781.650024,763.450012,768.700012,1872400
03.11.2016,767.25,769.950012,759.030029,762.130005,1943200
04.11.2016,750.659973,770.359985,750.560974,762.02002,2134800
07.11.2016,774.5,785.190002,772.549988,782.52002,1585100
08.11.2016,783.400024,795.632996,780.190002,790.51001,1350800
09.11.2016,779.940002,791.22699,771.669983,785.309998,2607100
10.11.2016,791.169983,791.169983,752.179993,762.559998,4745200
11.11.2016,756.539978,760.780029,750.380005,754.02002,2431800
14.11.2016,755.599976,757.849976,727.539978,736.080017,3631700
15.11.2016,746.969971,764.416016,746.969971,758.48999,2384000
16.11.2016,755.200012,766.359985,750.51001,764.47998,1465200
17.11.2016,766.919983,772.700012,764.22998,771.22998,1304000
18.11.2016,771.369995,775,760,760.539978,1547100
21.11.2016,762.609985,769.700012,760.599976,769.200012,1330600
22.11.2016,772.630005,776.960022,767,768.27002,1593100
23.11.2016,767.72998,768.28302,755.25,760.98999,1477400
25.11.2016,764.26001,765,760.52002,761.679993,587400
28.11.2016,760,779.530029,759.799988,768.23999,2188200
29.11.2016,771.530029,778.5,768.23999,770.840027,1616600
30.11.2016,770.070007,772.98999,754.830017,758.039978,2392900
01.12.2016,757.440002,759.849976,737.025024,747.919983,3017900
02.12.2016,744.590027,754,743.099976,750.5,1452500
05.12.2016,757.710022,763.900024,752.900024,762.52002,1394200
06.12.2016,764.72998,768.830017,757.340027,759.109985,1690700
07.12.2016,761,771.359985,755.799988,771.190002,1761000
08.12.2016,772.47998,778.179993,767.22998,776.419983,1488100
09.12.2016,780,789.429993,779.020996,789.289978,1821900
12.12.2016,785.039978,791.25,784.35498,789.27002,2104100
13.12.2016,793.900024,804.380005,793.340027,796.099976,2145200
14.12.2016,797.400024,804,794.01001,797.070007,1704200
15.12.2016,797.340027,803,792.919983,797.849976,1626500
16.12.2016,800.400024,800.856018,790.289978,790.799988,2428300
19.12.2016,790.219971,797.659973,786.27002,794.200012,1232100
20.12.2016,796.76001,798.650024,793.27002,796.419983,951000
21.12.2016,795.840027,796.676025,787.099976,794.559998,1211300
22.12.2016,792.359985,793.320007,788.580017,791.26001,972200
23.12.2016,790.900024,792.73999,787.280029,789.909973,623400
27.12.2016,790.679993,797.859985,787.656982,791.549988,789100
28.12.2016,793.700012,794.22998,783.200012,785.049988,1153800
29.12.2016,783.330017,785.929993,778.919983,782.789978,742200
30.12.2016,782.75,782.780029,770.409973,771.820007,1770000
03.01.2017,778.809998,789.630005,775.799988,786.140015,1657300
04.01.2017,788.359985,791.340027,783.159973,786.900024,1073000
05.01.2017,786.080017,794.47998,785.02002,794.02002,1335200
06.01.2017,795.26001,807.900024,792.203979,806.150024,1640200
09.01.2017,806.400024,809.966003,802.830017,806.650024,1272400
10.01.2017,807.859985,809.130005,803.51001,804.789978,1176800
11.01.2017,805,808.150024,801.369995,807.909973,1065900
12.01.2017,807.140015,807.390015,799.169983,806.359985,1353100
13.01.2017,807.47998,811.223999,806.690002,807.880005,1099200
17.01.2017,807.080017,807.140015,800.369995,804.609985,1355800
18.01.2017,805.809998,806.205017,800.98999,806.070007,1294400
19.01.2017,805.119995,809.47998,801.799988,802.174988,919300
20.01.2017,806.909973,806.909973,801.690002,805.02002,1670000
23.01.2017,807.25,820.869995,803.73999,819.309998,1963600
24.01.2017,822.299988,825.900024,817.820984,823.869995,1474000
25.01.2017,829.619995,835.77002,825.059998,835.669983,1494500
26.01.2017,837.809998,838,827.01001,832.150024,2973900
27.01.2017,834.710022,841.950012,820.440002,823.309998,2965800
30.01.2017,814.659973,815.840027,799.799988,802.320007,3246600
31.01.2017,796.859985,801.25,790.52002,796.789978,2160600
01.02.2017,799.679993,801.190002,791.190002,795.695007,2029700
02.02.2017,793.799988,802.700012,792,798.530029,1532100
03.02.2017,802.98999,806,800.369995,801.48999,1463400
06.02.2017,799.700012,801.669983,795.25,801.340027,1184500
07.02.2017,803.98999,810.5,801.780029,806.969971,1241200
08.02.2017,807,811.840027,803.190002,808.380005,1155300
09.02.2017,809.51001,810.659973,804.539978,809.559998,989700
10.02.2017,811.700012,815.25,809.780029,813.669983,1135000
13.02.2017,816,820.958984,815.48999,819.23999,1213300
14.02.2017,819,823,816,820.450012,1053600
15.02.2017,819.359985,823,818.469971,818.97998,1313600
16.02.2017,819.929993,824.400024,818.97998,824.159973,1287600
17.02.2017,823.02002,828.070007,821.655029,828.070007,1611000
21.02.2017,828.659973,833.450012,828.349976,831.659973,1262300
22.02.2017,828.659973,833.25,828.640015,830.76001,982900
23.02.2017,830.119995,832.460022,822.880005,831.330017,1472800
24.02.2017,827.72998,829,824.200012,828.640015,1392200
27.02.2017,824.549988,830.5,824,829.280029,1101500
28.02.2017,825.609985,828.539978,820.200012,823.210022,2260800
01.03.2017,828.849976,836.255005,827.26001,835.23999,1496500
02.03.2017,833.849976,834.51001,829.640015,830.630005,942500
03.03.2017,830.559998,831.359985,825.750977,829.080017,896400
06.03.2017,826.950012,828.880005,822.400024,827.780029,1109000
07.03.2017,827.400024,833.409973,826.52002,831.909973,1037600
08.03.2017,833.51001,838.150024,831.789978,835.369995,989800
09.03.2017,836,842,834.210022,838.679993,1261500
10.03.2017,843.280029,844.909973,839.5,843.25,1704000
13.03.2017,844,848.684998,843.25,845.539978,1223600
14.03.2017,843.640015,847.23999,840.799988,845.619995,779900
15.03.2017,847.590027,848.630005,840.77002,847.200012,1381500
16.03.2017,849.030029,850.849976,846.130005,848.780029,977600
17.03.2017,851.609985,853.400024,847.109985,852.119995,1712300
20.03.2017,850.01001,850.219971,845.150024,848.400024,1231500
21.03.2017,851.400024,853.5,829.02002,830.460022,2463500
22.03.2017,831.909973,835.549988,827.179993,829.590027,1401500
23.03.2017,821,822.570007,812.257019,817.580017,3487100
24.03.2017,820.080017,821.929993,808.890015,814.429993,1981000
27.03.2017,806.950012,821.630005,803.369995,819.51001,1894300
28.03.2017,820.409973,825.98999,814.026978,820.919983,1620500
29.03.2017,825,832.765015,822.380005,831.409973,1786300
30.03.2017,833.5,833.679993,829,831.5,1055300
31.03.2017,828.969971,831.640015,827.390015,829.559998,1401900
03.04.2017,829.219971,840.849976,829.219971,838.549988,1671500
04.04.2017,831.359985,835.179993,829.036011,834.570007,1045400
05.04.2017,835.51001,842.450012,830.719971,831.409973,1555300
06.04.2017,832.400024,836.390015,826.460022,827.880005,1254400
07.04.2017,827.960022,828.484985,820.513,824.669983,1057300
10.04.2017,825.390015,829.349976,823.77002,824.72998,978900
11.04.2017,824.710022,827.427002,817.02002,823.349976,1079700
12.04.2017,821.929993,826.659973,821.02002,824.320007,900500
13.04.2017,822.140015,826.380005,821.440002,823.559998,1122400
17.04.2017,825.01001,837.75,824.469971,837.169983,895000
18.04.2017,834.219971,838.929993,832.710022,836.820007,836700
19.04.2017,839.789978,842.219971,836.289978,838.210022,954200
20.04.2017,841.440002,845.200012,839.320007,841.650024,959000
21.04.2017,842.880005,843.880005,840.599976,843.190002,1323600
24.04.2017,851.200012,863.450012,849.859985,862.76001,1372500
25.04.2017,865,875,862.809998,872.299988,1672000
26.04.2017,874.22998,876.049988,867.747986,871.72998,1237200
27.04.2017,873.599976,875.400024,870.380005,874.25,2026800
28.04.2017,910.659973,916.849976,905.77002,905.960022,3219500
01.05.2017,901.940002,915.679993,901.450012,912.570007,2116000
02.05.2017,909.619995,920.77002,909.453003,916.440002,1587200
03.05.2017,914.859985,928.099976,912.54303,927.039978,1499500
04.05.2017,926.070007,935.929993,924.590027,931.659973,1422100
05.05.2017,933.539978,934.900024,925.200012,927.130005,1911300
08.05.2017,926.119995,936.924988,925.26001,934.299988,1329800
09.05.2017,936.950012,937.5,929.530029,932.169983,1581800
10.05.2017,931.97998,932,925.159973,928.780029,1173900
11.05.2017,925.320007,932.530029,923.030029,930.599976,835000
12.05.2017,931.530029,933.440002,927.849976,932.219971,1050600
15.05.2017,932.950012,938.25,929.340027,937.080017,1108100
16.05.2017,940,943.109985,937.580017,943,969500
17.05.2017,935.669983,939.333008,918.140015,919.619995,2362100
18.05.2017,921,933.169983,918.75,930.23999,1596900
19.05.2017,931.469971,937.755005,931,934.01001,1393000
22.05.2017,935,941.882996,935,941.859985,1120400
23.05.2017,947.919983,951.46698,942.575012,948.820007,1270800
24.05.2017,952.97998,955.090027,949.5,954.960022,1024800
25.05.2017,957.330017,972.629028,955.469971,969.539978,1660500
26.05.2017,969.700012,974.97998,965.030029,971.469971,1252000
30.05.2017,970.309998,976.200012,969.48999,975.880005,1466700
31.05.2017,975.02002,979.27002,960.179993,964.859985,2448100
01.06.2017,968.950012,971.5,960.01001,966.950012,1410500
02.06.2017,969.460022,975.880005,966,975.599976,1751000
05.06.2017,976.549988,986.909973,975.099976,983.679993,1252100
06.06.2017,983.159973,988.25,975.140015,976.570007,1814600
07.06.2017,980,983.97998,975.940002,980.940002,1453900
08.06.2017,982.349976,984.570007,977.200012,983.409973,1471500
09.06.2017,984.5,984.5,935.630005,949.830017,3309400
12.06.2017,939.559998,949.35498,915.232971,942.900024,3763500
13.06.2017,951.909973,959.97998,944.090027,953.400024,2013300
14.06.2017,959.919983,961.150024,942.25,950.76001,1489700
15.06.2017,933.969971,943.338989,924.440002,942.309998,2133100
16.06.2017,940,942.039978,931.594971,939.780029,3094700
19.06.2017,949.960022,959.98999,949.049988,957.369995,1533300
20.06.2017,957.52002,961.619995,950.01001,950.630005,1126000
21.06.2017,953.640015,960.099976,950.76001,959.450012,1202200
22.06.2017,958.700012,960.719971,954.549988,957.090027,941400
23.06.2017,956.830017,966,954.200012,965.590027,1527900
26.06.2017,969.900024,973.309998,950.789978,952.27002,1598400
27.06.2017,942.460022,948.289978,926.849976,927.330017,2579900
28.06.2017,929,942.75,916,940.48999,2721400
29.06.2017,929.919983,931.26001,910.619995,917.789978,3299200
30.06.2017,926.049988,926.049988,908.309998,908.72998,2090200
03.07.2017,912.179993,913.940002,894.789978,898.700012,1709800
05.07.2017,901.76001,914.51001,898.5,911.710022,1813900
06.07.2017,904.119995,914.94397,899.700012,906.690002,1424500
07.07.2017,908.849976,921.539978,908.849976,918.590027,1637800
10.07.2017,921.77002,930.380005,919.590027,928.799988,1192800
11.07.2017,929.539978,931.429993,922,930.090027,1113200
12.07.2017,938.679993,946.299988,934.469971,943.830017,1532100
13.07.2017,946.289978,954.450012,943.01001,947.159973,1294700
14.07.2017,952,956.909973,948.005005,955.98999,1053800
17.07.2017,957,960.73999,949.241028,953.419983,1165500
18.07.2017,953,968.039978,950.599976,965.400024,1154000
19.07.2017,967.840027,973.039978,964.030029,970.890015,1224500
20.07.2017,975,975.900024,961.51001,968.150024,1624500
21.07.2017,962.25,973.22998,960.150024,972.919983,1711000
24.07.2017,972.219971,986.200012,970.77002,980.340027,3248300
25.07.2017,953.809998,959.700012,945.400024,950.700012,4661000
26.07.2017,954.679993,955,942.278992,947.799988,2088300
27.07.2017,951.780029,951.780029,920,934.090027,3213000
28.07.2017,929.400024,943.830017,927.5,941.530029,1846400
31.07.2017,941.890015,943.590027,926.039978,930.5,1970100
01.08.2017,932.380005,937.447021,929.26001,930.830017,1277700
02.08.2017,928.609985,932.599976,916.679993,930.390015,1824400
03.08.2017,930.340027,932.23999,922.23999,923.650024,1202500
04.08.2017,926.75,930.307007,923.030029,927.960022,1082300
07.08.2017,929.059998,931.700012,926.5,929.359985,1032200
08.08.2017,927.090027,935.814026,925.609985,926.789978,1061600
09.08.2017,920.609985,925.97998,917.25,922.900024,1192100
10.08.2017,917.549988,919.26001,906.130005,907.23999,1824000
11.08.2017,907.969971,917.780029,905.580017,914.390015,1206800
14.08.2017,922.530029,924.66803,918.190002,922.669983,1064500
15.08.2017,924.22998,926.549988,919.820007,922.219971,883400
16.08.2017,925.289978,932.700012,923.445007,926.960022,1006700
17.08.2017,925.780029,926.859985,910.97998,910.97998,1277200
18.08.2017,910.309998,915.275024,907.153992,910.669983,1342700
21.08.2017,910,913,903.400024,906.659973,943400
22.08.2017,912.719971,925.859985,911.474976,924.690002,1166700
23.08.2017,921.929993,929.929993,919.359985,927,1090200
24.08.2017,928.659973,930.840027,915.5,921.280029,1270300
25.08.2017,923.48999,925.554993,915.5,915.890015,1053400
28.08.2017,916,919.244995,911.869995,913.809998,1086500
29.08.2017,905.099976,923.330017,905,921.289978,1185600
30.08.2017,920.049988,930.81897,919.650024,929.570007,1301200
31.08.2017,931.76001,941.97998,931.76001,939.330017,1582600
01.09.2017,941.130005,942.47998,935.150024,937.340027,947400
05.09.2017,933.080017,937,921.960022,928.450012,1326400
06.09.2017,930.150024,930.914978,919.27002,927.809998,1527700
07.09.2017,931.72998,936.409973,923.619995,935.950012,1212700
08.09.2017,936.48999,936.98999,924.880005,926.5,1011500
11.09.2017,934.25,938.380005,926.919983,929.080017,1267000
12.09.2017,932.590027,933.47998,923.861023,932.070007,1134400
13.09.2017,930.659973,937.25,929.859985,935.090027,1102600
14.09.2017,931.25,932.77002,924,925.109985,1397600
15.09.2017,924.659973,926.48999,916.359985,920.289978,2505400
18.09.2017,920.01001,922.080017,910.599976,915,1306900
19.09.2017,917.419983,922.419983,912.549988,921.809998,936700
20.09.2017,922.97998,933.880005,922,931.580017,1669800
21.09.2017,933,936.530029,923.830017,932.450012,1290600
22.09.2017,927.75,934.72998,926.47998,928.530029,1052700
25.09.2017,925.450012,926.400024,909.700012,920.969971,1856800
26.09.2017,923.719971,930.820007,921.140015,924.859985,1666900
27.09.2017,927.73999,949.900024,927.73999,944.48999,2239400
28.09.2017,941.359985,950.690002,940.549988,949.5,1020300
29.09.2017,952,959.786011,951.51001,959.109985,1581000
02.10.2017,959.97998,962.539978,947.840027,953.27002,1283400
03.10.2017,954,958,949.140015,957.789978,888300
04.10.2017,957,960.390015,950.690002,951.679993,952400
05.10.2017,955.48999,970.909973,955.179993,969.960022,1213800
06.10.2017,966.700012,979.460022,963.359985,978.890015,1173900
09.10.2017,980,985.424988,976.109985,977,891400
10.10.2017,980,981.570007,966.080017,972.599976,968400
11.10.2017,973.719971,990.710022,972.25,989.25,1693300
12.10.2017,987.450012,994.119995,985,987.830017,1262400
13.10.2017,992,997.210022,989,989.679993,1169800
16.10.2017,992.099976,993.906982,984,992,910500
17.10.2017,990.289978,996.440002,988.590027,992.179993,1290200
18.10.2017,991.77002,996.719971,986.974976,992.809998,1057600
19.10.2017,986,988.880005,978.390015,984.450012,1313600
20.10.2017,989.440002,991,984.580017,988.200012,1183200
23.10.2017,989.52002,989.52002,966.119995,968.450012,1478400
24.10.2017,970,972.22998,961,970.539978,1212200
25.10.2017,968.369995,976.090027,960.52002,973.330017,1211300
26.10.2017,980,987.599976,972.200012,972.559998,2042100
27.10.2017,1009.190002,1048.390015,1008.200012,1019.27002,5167700
30.10.2017,1014,1024.969971,1007.5,1017.109985,2085100
31.10.2017,1015.219971,1024,1010.419983,1016.640015,1330700
01.11.2017,1017.210022,1029.670044,1016.950012,1025.5,1373400
02.11.2017,1021.76001,1028.089966,1013.01001,1025.579956,1049000
03.11.2017,1022.109985,1032.650024,1020.309998,1032.47998,1076400
06.11.2017,1028.98999,1034.869995,1025,1025.900024,1125200
07.11.2017,1027.27002,1033.969971,1025.130005,1033.329956,1112300
08.11.2017,1030.52002,1043.521973,1028.449951,1039.849976,1088700
09.11.2017,1033.98999,1033.98999,1019.666016,1031.26001,1245200
10.11.2017,1026.459961,1030.76001,1025.280029,1028.069946,720000
13.11.2017,1023.419983,1031.579956,1022.570007,1025.75,885800
14.11.2017,1022.590027,1026.810059,1014.150024,1026,959200
15.11.2017,1019.210022,1024.089966,1015.419983,1020.909973,854000
16.11.2017,1022.52002,1035.920044,1022.52002,1032.5,1129700
17.11.2017,1034.01001,1034.420044,1017.75,1019.090027,1397100
20.11.2017,1020.26001,1022.609985,1017.5,1018.380005,953500
21.11.2017,1023.309998,1035.109985,1022.655029,1034.48999,1097000
22.11.2017,1035,1039.706055,1031.430054,1035.959961,746300
24.11.2017,1035.869995,1043.177979,1035,1040.609985,537000
27.11.2017,1040,1055.459961,1038.439941,1054.209961,1307900
28.11.2017,1055.089966,1062.375,1040,1047.410034,1424400
29.11.2017,1042.680054,1044.079956,1015.650024,1021.659973,2459400
30.11.2017,1022.369995,1028.48999,1015,1021.409973,1724000
01.12.2017,1015.799988,1022.48999,1002.02002,1010.169983,1909600
04.12.2017,1012.659973,1016.099976,995.570007,998.679993,1906400
05.12.2017,995.940002,1020.609985,988.280029,1005.150024,2067300
06.12.2017,1001.5,1024.969971,1001.140015,1018.380005,1272000
07.12.2017,1020.429993,1034.23999,1018.070984,1030.930054,1458200
08.12.2017,1037.48999,1042.050049,1032.521973,1037.050049,1290800
11.12.2017,1035.5,1043.800049,1032.050049,1041.099976,1192800
12.12.2017,1039.630005,1050.310059,1033.689941,1040.47998,1279500
13.12.2017,1046.119995,1046.665039,1038.380005,1040.609985,1282700
14.12.2017,1045,1058.5,1043.109985,1049.150024,1558700
15.12.2017,1054.609985,1067.619995,1049.5,1064.189941,3275900
18.12.2017,1066.079956,1078.48999,1062,1077.140015,1554600
19.12.2017,1075.199951,1076.839966,1063.550049,1070.680054,1338700
20.12.2017,1071.780029,1073.380005,1061.52002,1064.949951,1268600
21.12.2017,1064.949951,1069.329956,1061.793945,1063.630005,995700
22.12.2017,1061.109985,1064.199951,1059.439941,1060.119995,755100
26.12.2017,1058.069946,1060.119995,1050.199951,1056.73999,760600
27.12.2017,1057.390015,1058.369995,1048.050049,1049.369995,1271900
28.12.2017,1051.599976,1054.75,1044.77002,1048.140015,837100
29.12.2017,1046.719971,1049.699951,1044.900024,1046.400024,887500
02.01.2018,1048.339966,1066.939941,1045.22998,1065,1237600
03.01.2018,1064.310059,1086.290039,1063.209961,1082.47998,1430200
04.01.2018,1088,1093.569946,1084.001953,1086.400024,1004600
05.01.2018,1094,1104.25,1092,1102.22998,1279100
08.01.2018,1102.22998,1111.27002,1101.619995,1106.939941,1047600
09.01.2018,1109.400024,1110.569946,1101.230957,1106.26001,902500
10.01.2018,1097.099976,1104.599976,1096.109985,1102.609985,1042800
11.01.2018,1106.300049,1106.525024,1099.589966,1105.52002,978300
12.01.2018,1102.410034,1124.290039,1101.150024,1122.26001,1708400
