,MACD_SELL,MACD_BUY,EMA(C),EMA(V),K_SELL,K_BUY,BB_BUY,BB_SELL,ACTION,PREDICTED ACTION
0,1,0,1,1,0,1,0,0,N,N
1,1,0,1,1,0,1,0,0,N,N
2,1,0,1,1,0,1,0,0,N,N
3,1,0,1,0,0,1,0,0,N,N
4,1,0,1,0,0,1,0,0,N,N
5,1,0,1,0,0,1,0,0,N,N
6,1,0,1,0,0,1,0,0,N,N
7,1,0,1,0,0,1,0,0,N,N
8,1,0,1,0,0,1,0,0,N,N
9,1,0,1,1,1,0,1,0,S,S
10,1,0,1,0,0,0,1,0,S,S
11,1,0,1,0,0,0,1,0,S,S
12,1,0,1,0,0,0,1,0,S,S
13,1,0,1,0,0,0,1,0,S,S
14,1,0,1,0,0,0,1,0,S,S
15,1,0,1,0,0,0,1,0,S,S
16,1,0,0,0,0,0,1,0,S,S
17,0,1,0,1,0,0,1,0,N,N
18,0,1,0,1,0,0,1,0,N,N
19,0,1,0,1,0,0,1,0,N,N
20,0,1,0,1,0,1,1,0,B,N
21,0,1,0,0,0,1,1,0,B,N
22,0,1,0,0,0,0,1,0,N,N
23,0,1,0,0,0,0,1,0,N,N
24,0,1,0,0,0,0,1,0,N,N
25,0,1,0,0,0,0,1,1,B,N
26,0,1,1,0,0,0,1,1,B,N
27,0,1,1,0,0,0,1,1,B,N
28,0,1,1,0,0,0,1,1,B,N
29,0,1,1,0,0,0,1,1,B,N
30,0,1,1,0,0,1,1,0,B,N
31,0,1,1,0,0,1,1,0,B,N
32,0,1,1,0,0,1,1,0,B,N
33,0,1,1,0,0,1,1,0,B,N
34,0,1,1,1,0,1,1,0,B,N
35,0,1,1,1,0,1,1,0,B,N
36,0,1,1,1,0,1,1,0,B,N
37,0,1,1,1,0,0,1,0,N,N
38,0,1,1,1,0,0,1,0,N,N
39,0,1,1,1,0,0,1,0,N,N
40,0,1,1,1,0,0,1,0,N,N
41,0,1,1,0,1,0,1,0,S,N
42,1,0,1,0,1,0,1,0,S,S
43,1,0,1,0,0,0,1,0,S,S
44,0,1,1,0,1,0,1,0,S,N
45,1,0,1,0,0,1,0,0,N,N
46,0,1,1,0,1,0,1,0,S,N
47,0,1,1,0,0,1,1,0,B,N
48,0,1,1,0,0,1,1,0,B,N
49,0,1,1,0,0,1,1,0,B,N
50,0,1,1,0,0,0,1,0,N,N
51,0,1,1,0,0,0,1,0,N,N
52,0,1,1,0,0,0,1,0,N,N
53,0,1,1,0,0,0,1,0,N,N
54,0,1,1,0,0,0,1,0,N,N
55,0,1,1,1,0,0,1,0,N,N
56,0,1,1,1,0,0,1,0,N,N
57,0,1,1,1,0,0,1,0,N,N
58,0,1,1,1,0,0,1,0,N,N
59,0,1,1,1,0,0,1,0,N,N
60,0,1,1,1,1,0,1,0,S,N
61,0,1,1,1,1,0,1,0,S,N
62,0,1,1,1,0,1,1,0,B,N
63,0,1,1,1,0,1,1,0,B,N
64,0,1,1,0,0,1,1,0,B,N
65,0,1,1,1,0,1,0,0,B,B
66,0,1,1,0,0,1,0,0,B,B
67,0,1,1,0,1,0,1,0,S,N
68,0,1,1,0,0,1,1,0,B,N
69,0,1,1,0,0,0,1,0,N,N
70,0,1,1,0,0,0,0,0,B,B
71,1,0,1,0,0,0,0,0,S,S
72,1,0,1,0,0,0,0,0,S,S
73,1,0,1,0,0,0,0,0,S,S
74,1,0,1,0,0,0,0,0,S,S
75,1,0,1,0,0,1,0,0,N,N
76,1,0,1,0,0,0,0,0,S,S
77,1,0,1,0,0,0,0,0,S,S
78,1,0,1,1,0,0,0,0,S,S
79,1,0,1,1,0,0,0,0,S,S
80,1,0,1,1,0,1,0,0,N,N
81,1,0,1,1,0,1,0,0,N,N
82,1,0,1,1,0,1,0,0,N,N
83,1,0,1,1,0,1,0,0,N,N
84,1,0,1,1,0,1,0,0,N,N
85,1,0,1,1,1,0,0,0,S,S
86,1,0,1,1,1,0,0,0,S,S
87,1,0,1,1,0,1,1,0,S,S
88,1,0,1,1,1,0,1,0,S,S
89,1,0,0,1,1,0,1,0,S,S
90,1,0,0,0,0,0,1,0,S,S
91,0,1,0,0,0,0,1,0,N,N
92,0,1,0,0,0,0,1,0,N,N
93,0,1,0,0,0,0,1,0,N,N
94,0,1,0,0,0,0,1,1,B,N
95,0,1,0,0,0,0,1,1,B,N
96,0,1,0,0,0,0,1,1,B,N
97,0,1,1,1,0,0,1,0,N,N
98,0,1,1,0,0,0,1,1,B,N
99,0,1,1,0,0,0,1,0,N,N
100,0,1,1,0,1,0,1,0,S,N
101,0,1,1,0,0,0,1,0,N,N
102,0,1,1,0,0,0,1,0,N,N
103,0,1,1,0,0,0,1,0,N,N
104,0,1,1,1,0,0,1,0,N,N
105,0,1,1,0,1,0,1,0,S,N
106,0,1,1,0,0,0,1,0,N,N
107,0,1,1,0,0,0,1,0,N,N
108,1,0,1,0,0,0,1,0,S,S
109,1,0,1,0,0,0,1,0,S,S
110,0,1,1,0,0,1,0,0,B,B
111,0,1,1,0,0,1,0,0,B,B
112,0,1,1,0,0,1,0,0,B,B
113,0,1,1,0,0,0,1,0,N,N
114,0,1,1,0,0,1,0,0,B,B
115,0,1,1,0,0,1,0,0,B,B
116,0,1,1,0,0,0,0,0,B,B
117,0,1,1,0,0,0,0,0,B,B
118,1,0,1,0,0,0,0,0,S,S
119,1,0,1,1,0,0,0,0,S,S
120,1,0,1,0,0,1,0,0,N,N
121,1,0,1,0,0,1,0,0,N,N
122,1,0,1,0,0,1,0,0,N,N
123,1,0,1,1,0,1,0,0,N,N
124,1,0,1,0,0,1,0,0,N,N
125,1,0,1,0,0,1,0,0,N,N
126,1,0,1,0,0,1,0,0,N,N
127,1,0,1,0,0,1,0,0,N,N
128,1,0,1,0,0,1,0,0,N,N
129,1,0,1,0,0,1,0,0,N,N
130,1,0,1,0,0,1,1,0,S,S
131,1,0,0,0,0,1,1,0,S,S
132,1,0,0,0,0,1,1,0,S,S
133,1,0,0,0,1,0,1,0,S,S
134,1,0,0,0,0,1,1,0,S,S
135,0,1,0,0,1,0,1,0,S,N
136,0,1,0,0,0,0,1,0,N,N
137,0,1,0,0,0,0,1,0,N,N
138,0,1,0,1,0,0,1,0,N,N
139,0,1,0,1,0,0,1,0,N,N
140,0,1,0,1,0,0,1,0,N,N
141,0,1,0,1,0,0,1,0,N,N
142,0,1,0,1,0,0,1,0,N,N
143,0,1,0,1,0,0,1,1,B,N
144,0,1,0,1,0,0,0,1,B,B
145,0,1,0,1,0,0,1,1,B,N
146,0,1,0,1,0,0,1,1,B,N
147,1,0,1,1,0,0,1,1,S,S
148,1,0,1,1,0,1,1,0,S,S
149,1,0,1,1,0,1,1,0,S,S
150,1,0,0,0,0,1,1,1,N,S
151,1,0,0,0,0,0,1,1,S,S
152,1,0,1,0,0,0,1,1,S,S
153,1,0,1,0,0,1,1,0,S,S
154,1,0,1,0,1,0,1,0,S,S
155,1,0,0,0,1,0,1,0,S,S
156,1,0,0,0,0,1,1,0,S,S
157,0,1,0,0,0,1,1,0,B,N
158,0,1,0,0,1,0,1,0,S,N
159,0,1,0,0,0,1,1,0,B,N
160,0,1,0,0,0,0,1,0,N,N
161,0,1,0,1,0,0,1,0,N,N
162,0,1,0,1,0,0,1,0,N,N
163,0,1,0,1,1,0,1,0,S,N
164,0,1,0,1,0,0,1,0,N,N
165,0,1,1,0,0,0,1,0,N,N
166,0,1,1,1,0,0,1,0,N,N
167,0,1,1,0,0,0,1,1,B,N
168,0,1,1,0,0,0,1,0,N,N
169,0,1,1,0,0,0,1,0,N,N
170,1,0,1,0,0,0,1,0,S,S
171,1,0,1,0,0,0,1,0,S,S
172,1,0,1,0,0,0,0,0,S,S
173,1,0,1,0,0,1,1,0,S,S
174,1,0,1,0,0,1,0,0,N,N
175,1,0,1,0,0,1,0,0,N,N
176,1,0,1,0,0,1,0,0,N,N
177,1,0,1,0,0,1,1,0,S,S
178,1,0,0,0,0,1,0,0,N,N
179,1,0,0,0,1,0,1,0,S,S
180,1,0,0,0,0,1,1,0,S,S
181,1,0,0,1,0,1,0,0,N,N
182,1,0,0,1,0,1,0,0,N,N
183,1,0,0,1,0,1,0,0,N,N
184,1,0,0,1,0,1,1,0,S,S
185,0,1,0,1,0,1,0,0,B,B
186,0,1,0,1,0,0,0,0,B,B
187,0,1,0,1,0,0,0,0,B,B
188,0,1,0,1,0,0,0,0,B,B
189,0,1,0,1,0,0,0,0,B,B
190,0,1,0,1,0,0,0,1,B,B
191,0,1,0,1,0,0,0,0,B,B
192,0,1,0,1,0,0,0,0,B,B
193,0,1,0,1,0,0,0,1,B,B
194,0,1,0,1,0,0,0,1,B,B
195,0,1,0,1,0,0,0,1,B,B
196,0,1,0,1,0,0,0,1,B,B
197,0,1,0,1,1,0,0,1,B,N
198,0,1,0,1,0,1,0,1,B,B
199,0,1,0,1,1,0,0,1,B,N
200,0,1,0,1,0,0,1,1,B,N
201,0,1,0,1,0,0,1,1,B,N
202,0,1,0,1,0,1,1,0,B,N
203,0,1,0,1,0,0,1,0,N,N
204,0,1,0,1,0,0,1,1,B,N
205,0,1,0,1,0,0,1,1,B,N
206,0,1,0,1,0,0,1,1,B,N
207,0,1,0,1,0,0,1,1,B,N
208,0,1,0,0,0,0,1,1,B,N
209,0,1,0,0,0,0,1,1,B,N
210,0,1,0,0,0,1,1,0,B,N
211,0,1,0,0,0,1,1,0,B,N
212,0,1,0,0,0,0,1,1,B,N
213,1,0,0,0,0,1,1,0,S,S
214,1,0,0,0,0,1,1,1,N,S
215,1,0,0,0,0,0,1,1,S,S
216,1,0,0,0,0,0,1,1,S,S
217,1,0,0,0,0,1,1,1,N,S
218,1,0,0,0,1,0,1,1,S,S
219,1,0,0,0,0,1,1,1,N,S
220,1,0,0,0,0,0,1,1,S,S
221,1,0,0,0,0,1,1,0,S,S
222,1,0,0,0,0,0,1,1,S,S
223,1,0,0,1,0,1,1,0,S,S
224,1,0,0,1,1,0,1,0,S,S
225,1,0,0,1,0,1,1,0,S,S
226,1,0,0,1,0,1,1,0,S,S
227,1,0,0,1,0,1,1,0,S,S
228,0,1,0,1,1,0,1,0,S,N
229,0,1,0,1,1,0,0,0,N,N
230,0,1,0,1,1,0,0,0,N,N
231,0,1,0,1,0,1,0,0,B,B
232,0,1,0,1,1,0,0,0,N,N
233,0,1,0,1,0,0,0,0,B,B
234,0,1,0,1,0,0,0,1,B,B
235,0,1,0,1,0,0,0,1,B,B
236,0,1,0,1,0,0,0,1,B,B
237,0,1,0,1,0,0,0,1,B,B
238,0,1,0,1,0,1,0,1,B,B
239,0,1,0,0,1,0,0,1,B,N
240,0,1,0,1,0,0,0,1,B,B
241,0,1,0,0,0,0,0,1,B,B
242,0,1,0,0,0,0,1,1,B,N
243,1,0,0,0,0,0,1,1,S,S
244,1,0,0,0,0,1,1,0,S,S
245,1,0,0,0,1,0,1,0,S,S
246,1,0,0,0,0,0,1,1,S,S
247,1,0,0,1,0,0,1,1,S,S
248,1,0,0,1,1,0,1,0,S,S
249,1,0,0,1,1,0,1,0,S,S
250,1,0,0,1,0,0,1,0,S,S
251,0,1,0,1,0,0,1,0,N,N
252,0,1,0,0,0,1,1,0,B,N
253,0,1,0,1,1,0,1,0,S,N
254,0,1,0,0,1,0,1,0,S,N
255,0,1,0,0,1,0,1,0,S,N
256,0,1,0,0,1,0,1,0,S,N
257,0,1,0,0,0,1,1,0,B,N
258,0,1,0,0,0,1,1,0,B,N
259,0,1,0,0,0,1,1,0,B,N
260,0,1,1,0,0,0,1,0,N,N
261,0,1,1,0,0,0,0,1,B,B
262,0,1,1,0,0,0,0,1,B,B
263,0,1,1,0,0,0,1,0,N,N
264,0,1,1,0,0,0,1,0,N,N
265,0,1,1,0,0,0,1,0,N,N
266,0,1,1,1,0,0,1,0,N,N
267,0,1,1,1,0,0,1,0,N,N
268,0,1,1,1,0,1,0,0,B,B
269,0,1,1,1,0,1,0,0,B,B
270,1,0,1,1,0,0,0,0,S,S
271,1,0,1,0,0,1,0,0,N,N
272,1,0,1,0,0,0,0,0,S,S
273,1,0,1,0,0,1,0,0,N,N
274,1,0,1,0,0,1,0,0,N,N
275,1,0,1,0,0,1,0,0,N,N
276,1,0,1,0,0,1,0,0,N,N
277,1,0,1,0,0,1,0,0,N,N
278,1,0,1,0,0,0,0,0,S,S
279,1,0,1,0,0,0,0,0,S,S
280,1,0,1,0,0,1,0,0,N,N
281,1,0,1,0,0,1,0,0,N,N
282,1,0,1,0,0,1,0,0,N,N
283,1,0,1,0,0,1,0,0,N,N
284,1,0,0,0,0,1,0,0,N,N
285,1,0,0,1,0,1,0,0,N,N
286,1,0,0,1,1,0,1,0,S,S
287,1,0,0,1,1,0,1,0,S,S
288,0,1,0,1,1,0,1,0,S,N
289,0,1,0,1,1,0,1,0,S,N
290,0,1,0,1,1,0,1,0,S,N
291,0,1,0,1,0,0,1,0,N,N
292,0,1,0,1,0,0,1,0,N,N
293,0,1,0,1,0,0,1,0,N,N
294,0,1,0,1,0,0,1,0,N,N
295,0,1,0,1,0,0,0,1,B,B
296,0,1,0,1,0,0,1,1,B,N
297,0,1,0,1,1,0,1,0,S,N
298,0,1,0,1,0,0,1,1,B,N
299,1,0,0,0,0,0,0,1,N,S
300,1,0,0,0,0,0,1,1,S,S
301,1,0,0,0,0,0,1,1,S,S
302,1,0,0,0,0,0,1,1,S,S
303,1,0,0,0,0,1,1,0,S,S
304,1,0,0,0,0,0,1,1,S,S
305,1,0,0,0,0,0,1,1,S,S
306,0,1,0,0,0,1,1,1,B,N
307,1,0,0,0,1,0,1,1,S,S
308,1,0,0,0,0,1,1,0,S,S
309,1,0,0,0,0,1,1,0,S,S
310,1,0,0,0,1,0,1,0,S,S
311,1,0,0,0,0,0,1,0,S,S
312,1,0,0,0,0,1,1,0,S,S
313,1,0,0,0,0,1,1,0,S,S
314,0,1,0,0,0,1,1,0,B,N
315,1,0,0,0,0,0,1,0,S,S
316,1,0,0,0,0,1,1,0,S,S
317,1,0,0,0,1,0,1,0,S,S
318,1,0,0,0,1,0,1,0,S,S
319,1,0,0,1,0,1,1,0,S,S
320,1,0,0,1,0,0,1,0,S,S
321,1,0,0,1,0,0,1,0,S,S
322,1,0,0,1,0,0,0,0,S,S
323,0,1,0,1,0,0,0,0,B,B
324,0,1,0,1,0,0,0,0,B,B
325,0,1,0,1,0,0,0,0,B,B
326,0,1,0,1,0,0,1,0,N,N
327,0,1,0,1,0,0,1,0,N,N
328,0,1,0,1,0,0,0,0,B,B
329,0,1,0,0,0,0,1,0,N,N
330,0,1,0,0,0,1,1,0,B,N
331,0,1,0,0,0,1,1,0,B,N
332,0,1,0,0,0,0,0,0,B,B
333,0,1,0,0,0,0,0,1,B,B
334,0,1,1,1,0,0,0,1,B,B
335,0,1,1,0,0,0,1,1,B,N
336,0,1,1,0,0,0,1,1,B,N
337,0,1,1,0,0,1,1,1,B,N
338,0,1,1,0,0,1,1,0,B,N
339,0,1,1,0,0,1,1,0,B,N
340,0,1,1,0,1,0,1,0,S,N
341,0,1,1,0,1,0,1,0,S,N
342,0,1,1,0,1,0,1,0,S,N
343,0,1,1,0,0,1,1,0,B,N
344,0,1,1,0,0,1,1,0,B,N
345,0,1,1,0,0,1,0,0,B,B
346,0,1,1,0,0,1,0,0,B,B
347,0,1,1,0,0,1,0,0,B,B
348,0,1,1,0,0,0,0,0,B,B
349,1,0,1,0,0,1,0,0,N,N
350,1,0,1,0,0,1,0,0,N,N
351,1,0,1,0,0,1,0,0,N,N
352,1,0,1,0,0,1,0,0,N,N
353,1,0,1,1,0,1,0,0,N,N
354,1,0,1,1,0,1,0,0,N,N
355,1,0,1,1,0,1,0,0,N,N
356,0,1,1,1,0,0,0,0,B,B
357,0,1,1,1,0,0,0,0,B,B
358,0,1,1,1,0,0,0,0,B,B
359,0,1,1,1,0,0,0,0,B,B
360,0,1,1,1,0,1,0,0,B,B
361,0,1,1,1,0,1,0,0,B,B
362,0,1,1,1,0,1,0,0,B,B
363,0,1,1,0,0,1,0,0,B,B
364,0,1,1,0,0,1,0,0,B,B
365,1,0,1,0,0,0,0,0,S,S
366,1,0,1,0,0,0,0,0,S,S
367,1,0,1,0,0,1,0,0,N,N
368,1,0,1,0,0,1,0,0,N,N
369,1,0,1,0,0,1,0,0,N,N
370,1,0,1,0,0,1,0,0,N,N
371,1,0,1,0,0,0,0,0,S,S
372,1,0,1,0,0,0,0,0,S,S
373,1,0,1,0,0,0,0,0,S,S
374,1,0,1,0,0,0,0,0,S,S
375,1,0,1,0,0,0,0,0,S,S
376,1,0,1,0,0,0,0,0,S,S
377,1,0,1,0,0,0,0,0,S,S
378,1,0,0,0,0,0,0,0,S,S
379,0,1,0,1,0,0,0,0,B,B
380,0,1,0,1,0,1,0,0,B,B
381,0,1,0,1,0,1,0,0,B,B
382,0,1,0,1,0,1,0,0,B,B
383,0,1,0,1,0,0,0,0,B,B
384,0,1,0,1,0,0,0,0,B,B
385,0,1,0,1,0,0,0,0,B,B
386,0,1,0,1,0,0,0,0,B,B
387,0,1,0,1,0,0,0,0,B,B
388,0,1,1,1,0,0,0,0,B,B
389,0,1,1,1,0,0,0,0,B,B
390,0,1,1,1,0,0,0,1,B,B
391,0,1,1,1,0,0,0,1,B,B
392,0,1,1,1,0,0,1,0,N,N
393,0,1,1,0,0,1,0,0,B,B
394,0,1,1,0,0,1,0,0,B,B
395,0,1,1,0,0,1,0,0,B,B
396,0,1,1,0,0,1,0,0,B,B
397,0,1,1,0,0,0,1,0,N,N
398,1,0,1,0,0,0,1,0,S,S
399,1,0,1,0,0,0,1,0,S,S
400,1,0,1,0,0,0,0,0,S,S
401,1,0,1,0,0,0,1,0,S,S
402,1,0,1,0,0,1,1,0,S,S
403,1,0,1,1,0,1,0,0,N,N
404,1,0,1,1,0,1,0,0,N,N
405,1,0,1,1,0,1,0,0,N,N
406,1,0,1,1,0,1,0,0,N,N
407,1,0,1,0,0,1,0,0,N,N
408,1,0,0,0,0,1,0,0,N,N
409,1,0,0,0,0,1,1,0,S,S
410,1,0,0,0,0,1,1,0,S,S
411,1,0,0,1,0,0,1,0,S,S
412,1,0,0,1,1,0,1,0,S,S
413,1,0,0,1,1,0,1,0,S,S
414,0,1,0,1,0,0,1,0,N,N
415,0,1,0,1,0,0,0,0,B,B
416,0,1,0,1,0,0,0,0,B,B
417,0,1,0,1,0,0,0,0,B,B
418,0,1,0,1,0,0,0,0,B,B
419,0,1,0,1,0,0,0,0,B,B
420,0,1,0,1,0,0,0,0,B,B
421,0,1,0,1,0,0,0,0,B,B
422,0,1,0,1,0,0,0,0,B,B
423,0,1,0,1,0,0,0,1,B,B
424,0,1,1,0,0,1,1,0,B,N
425,0,1,1,0,0,0,0,0,B,B
426,1,0,1,0,0,0,0,0,S,S
427,1,0,1,0,0,0,0,0,S,S
428,1,0,1,0,0,0,0,0,S,S
429,1,0,1,0,0,0,0,0,S,S
430,1,0,1,0,0,0,0,0,S,S
431,1,0,1,0,0,0,0,0,S,S
432,1,0,1,0,0,0,0,0,S,S
433,1,0,1,0,1,0,0,0,S,S
434,1,0,0,0,0,1,0,0,N,N
435,1,0,0,0,1,0,0,0,S,S
436,1,0,0,0,0,1,0,0,N,N
437,1,0,0,0,1,0,0,0,S,S
438,1,0,0,1,1,0,0,0,S,S
439,0,1,0,1,1,0,0,0,N,N
440,0,1,0,1,0,0,0,0,B,B
441,0,1,0,1,0,0,0,0,B,B
442,0,1,0,1,0,1,0,0,B,B
443,0,1,0,1,1,0,0,0,N,N
444,0,1,0,1,0,0,0,0,B,B
445,0,1,0,1,0,0,0,0,B,B
446,0,1,0,1,0,0,0,0,B,B
447,0,1,0,1,0,0,0,1,B,B
448,0,1,0,1,0,0,0,1,B,B
449,0,1,0,1,0,0,0,1,B,B
450,0,1,0,1,0,0,0,1,B,B
451,0,1,1,0,0,0,0,1,B,B
452,0,1,1,0,0,1,1,1,B,N
453,0,1,1,0,0,1,1,0,B,N
454,1,0,1,0,0,1,1,0,S,S
455,1,0,1,0,0,1,1,0,S,S
456,0,1,1,0,0,1,1,0,B,N
457,0,1,1,0,0,1,1,0,B,N
458,1,0,1,0,0,1,1,0,S,S
459,1,0,1,0,0,1,1,0,S,S
460,1,0,1,0,0,0,1,0,S,S
461,1,0,1,0,0,1,1,0,S,S
462,1,0,1,0,0,1,1,0,S,S
463,1,0,1,0,0,1,1,0,S,S
464,1,0,1,0,0,1,1,0,S,S
465,1,0,0,0,0,1,0,0,N,N
466,1,0,0,0,0,1,1,0,S,S
467,1,0,0,0,0,1,1,0,S,S
468,1,0,0,0,0,1,1,0,S,S
469,1,0,0,0,0,1,1,0,S,S
470,1,0,0,0,0,1,0,0,N,N
471,1,0,0,0,0,1,0,0,N,N
472,1,0,0,0,1,0,0,0,S,S
473,1,0,0,1,1,0,0,0,S,S
474,0,1,0,1,0,0,0,0,B,B
475,0,1,0,1,0,0,0,0,B,B
476,0,1,0,0,0,0,0,0,B,B
477,0,1,0,0,0,0,0,0,B,B
478,0,1,0,1,0,0,0,0,B,B
479,0,1,0,1,0,0,0,0,B,B
480,0,1,0,1,0,0,0,0,B,B
481,0,1,0,1,0,0,0,0,B,B
482,0,1,0,1,0,0,0,0,B,B
483,0,1,0,1,0,0,0,0,B,B
484,0,1,0,1,0,0,0,0,B,B
485,1,0,0,1,0,0,0,1,N,S
486,1,0,0,1,0,0,0,1,N,S
487,1,0,0,1,0,0,0,1,N,S
488,1,0,0,1,0,0,0,1,N,S
489,1,0,0,1,0,0,0,1,N,S
490,1,0,0,1,0,1,0,0,N,N
491,1,0,0,1,0,1,1,0,S,S
492,1,0,0,1,0,1,0,0,N,N
493,1,0,0,1,0,1,0,0,N,N
494,1,0,0,1,0,1,0,0,N,N
495,1,0,0,1,1,0,0,0,S,S
496,1,0,0,1,1,0,0,0,S,S
497,0,1,0,1,1,0,0,0,N,N
498,0,1,0,1,1,0,0,0,N,N
499,0,1,0,1,1,0,0,0,N,N
500,0,1,0,1,0,0,0,0,B,B
501,0,1,0,1,0,0,0,0,B,B
502,0,1,0,1,0,0,0,0,B,B
503,0,1,0,1,0,0,0,0,B,B
504,0,1,0,1,0,0,0,0,B,B
505,0,1,0,1,0,0,0,0,B,B
506,0,1,0,0,0,0,0,0,B,B
507,0,1,0,0,0,0,0,1,B,B
508,0,1,0,0,0,0,0,1,B,B
509,0,1,0,0,0,0,0,1,B,B
510,0,1,0,0,0,0,0,1,B,B
511,0,1,0,0,1,0,0,1,B,N
512,1,0,1,1,0,1,1,1,N,S
513,1,0,1,0,0,1,1,1,N,S
514,0,1,1,1,0,1,1,1,B,N
515,0,1,1,1,0,1,1,0,B,N
516,0,1,1,1,0,1,1,0,B,N
517,0,1,1,1,0,1,1,0,B,N
518,0,1,0,1,0,1,1,0,B,N
519,0,1,0,1,0,1,1,0,B,N
520,0,1,1,1,0,1,1,0,B,N
521,0,1,1,1,1,0,1,0,S,N
522,0,1,1,1,1,0,1,0,S,N
523,0,1,1,1,0,1,1,0,B,N
524,0,1,1,1,0,0,1,1,B,N
525,1,0,1,1,0,0,1,1,S,S
526,1,0,1,1,0,0,1,0,S,S
527,1,0,1,1,0,1,1,0,S,S
528,1,0,1,1,0,0,1,0,S,S
529,1,0,1,0,0,0,1,0,S,S
530,1,0,1,0,0,1,1,0,S,S
531,1,0,1,0,0,1,1,0,S,S
532,1,0,1,0,0,1,1,0,S,S
533,1,0,1,0,0,1,1,0,S,S
534,1,0,1,0,0,1,1,0,S,S
535,1,0,0,0,0,1,1,0,S,S
536,1,0,0,0,0,1,1,0,S,S
537,0,1,0,0,1,0,1,0,S,N
538,0,1,0,0,1,0,1,0,S,N
539,0,1,0,0,0,0,1,0,N,N
540,0,1,0,0,1,0,1,0,S,N
541,0,1,0,0,1,0,1,0,S,N
542,0,1,0,1,1,0,1,0,S,N
543,0,1,0,1,0,0,1,0,N,N
544,0,1,0,1,0,0,1,0,N,N
545,0,1,0,1,0,0,1,1,B,N
546,0,1,1,1,0,0,1,1,B,N
547,0,1,1,1,0,0,1,0,N,N
548,0,1,1,1,0,0,1,0,N,N
549,0,1,1,1,0,0,1,0,N,N
550,0,1,1,1,0,0,1,0,N,N
551,0,1,1,0,0,0,1,0,N,N
552,0,1,1,0,0,0,1,0,N,N
553,0,1,1,0,0,0,1,0,N,N
554,0,1,1,0,0,0,1,0,N,N
555,0,1,1,0,0,0,1,0,N,N
556,0,1,1,0,0,0,1,0,N,N
557,0,1,1,0,0,1,0,0,B,B
558,1,0,1,0,0,0,0,0,S,S
559,1,0,1,0,0,1,0,0,N,N
560,1,0,1,0,0,1,0,0,N,N
561,1,0,1,0,0,1,0,0,N,N
562,1,0,1,0,0,1,0,0,N,N
563,1,0,1,0,0,1,0,0,N,N
564,1,0,1,0,0,1,0,0,N,N
565,1,0,1,0,0,1,0,0,N,N
566,1,0,1,0,1,0,0,0,S,S
567,1,0,1,0,1,0,1,0,S,S
568,1,0,1,0,0,1,0,0,N,N
569,1,0,1,0,0,1,0,0,N,N
570,1,0,1,0,0,1,0,0,N,N
571,1,0,1,0,0,1,0,0,N,N
572,0,1,0,0,0,1,0,0,B,B
573,0,1,0,0,1,0,0,0,N,N
574,0,1,0,0,0,1,0,0,B,B
575,0,1,0,0,0,1,0,0,B,B
576,0,1,0,0,0,0,1,0,N,N
577,1,0,1,0,0,0,1,0,S,S
578,1,0,1,0,0,0,0,1,N,S
579,1,0,1,0,0,0,0,1,N,S
580,1,0,1,0,0,0,1,0,S,S
581,1,0,1,1,0,0,1,0,S,S
582,1,0,1,1,0,0,1,0,S,S
583,1,0,0,1,0,0,1,0,S,S
584,1,0,0,1,0,1,0,0,N,N
585,1,0,0,1,1,0,1,0,S,S
586,1,0,0,1,1,0,0,0,S,S
587,1,0,0,1,1,0,0,0,S,S
588,1,0,0,1,1,0,0,0,S,S
589,1,0,0,1,0,0,0,0,S,S
590,1,0,0,1,0,0,0,0,S,S
591,1,0,0,1,0,0,0,0,S,S
592,1,0,0,1,1,0,0,0,S,S
593,0,1,0,1,1,0,0,0,N,N
594,0,1,0,1,0,0,0,0,B,B
595,0,1,0,1,0,0,0,0,B,B
596,0,1,0,1,0,0,0,0,B,B
597,0,1,0,1,0,0,0,0,B,B
598,0,1,0,1,0,0,0,0,B,B
599,0,1,0,1,0,0,0,0,B,B
600,0,1,0,1,0,0,0,0,B,B
601,0,1,0,1,0,0,0,0,B,B
602,0,1,0,1,0,0,0,1,B,B
603,0,1,0,1,0,0,0,1,B,B
604,0,1,0,1,0,0,0,1,B,B
605,0,1,0,1,0,0,0,1,B,B
606,0,1,0,1,0,0,0,1,B,B
607,0,1,0,1,0,1,0,0,B,B
608,0,1,0,1,1,0,0,0,N,N
609,0,1,0,1,1,0,0,0,N,N
610,0,1,0,1,1,0,0,1,B,N
611,0,1,0,1,0,1,0,1,B,B
612,0,1,0,1,0,1,0,1,B,B
613,0,1,0,1,0,1,1,0,B,N
614,0,1,0,0,0,1,0,0,B,B
615,0,1,0,0,0,1,0,1,B,B
616,0,1,0,0,0,1,0,1,B,B
617,0,1,1,0,0,1,0,1,B,B
618,1,0,1,0,0,1,1,0,S,S
619,1,0,1,0,0,1,1,0,S,S
620,1,0,1,1,0,0,1,0,S,S
621,1,0,1,0,0,0,1,0,S,S
622,1,0,1,0,0,0,1,0,S,S
623,1,0,1,1,0,0,1,0,S,S
624,1,0,0,1,0,0,1,0,S,S
625,1,0,0,1,0,1,1,0,S,S
626,1,0,0,1,1,0,1,0,S,S
627,1,0,0,1,0,1,1,0,S,S
628,1,0,0,1,0,1,1,0,S,S
629,0,1,0,1,0,1,1,0,B,N
630,0,1,0,1,0,1,1,0,B,N
631,0,1,0,1,0,1,1,0,B,N
632,0,1,0,1,0,1,1,0,B,N
633,0,1,0,1,0,1,1,0,B,N
634,0,1,0,1,0,0,0,0,B,B
635,0,1,0,1,0,0,0,1,B,B
636,0,1,0,1,0,0,0,1,B,B
637,1,0,0,0,0,1,1,1,N,S
638,1,0,0,0,1,0,1,1,S,S
639,1,0,0,0,1,0,1,1,S,S
640,1,0,0,0,0,0,1,0,S,S
641,1,0,0,0,0,0,1,0,S,S
642,1,0,0,0,0,0,1,1,S,S
643,1,0,0,0,0,1,1,0,S,S
644,1,0,0,0,1,0,1,0,S,S
645,1,0,0,0,0,1,1,0,S,S
646,0,1,0,1,0,1,1,0,B,N
647,0,1,0,1,0,1,1,0,B,N
648,0,1,0,1,0,0,1,0,N,N
649,0,1,0,1,0,1,1,0,B,N
650,0,1,0,0,0,1,1,0,B,N
651,0,1,0,0,0,1,1,0,B,N
652,0,1,0,0,0,1,1,0,B,N
653,0,1,0,0,0,1,1,0,B,N
654,0,1,0,0,0,1,1,0,B,N
655,0,1,0,0,0,1,0,1,B,B
656,0,1,0,0,0,0,0,1,B,B
657,0,1,0,0,0,0,0,1,B,B
658,1,0,0,0,0,1,1,1,N,S
659,1,0,0,0,0,1,1,1,N,S
660,1,0,0,0,0,0,1,0,S,S
661,1,0,0,0,0,0,1,1,S,S
662,1,0,0,0,0,0,1,1,S,S
663,1,0,0,0,0,0,1,0,S,S
664,1,0,0,0,1,0,1,0,S,S
665,0,1,0,1,1,0,1,0,S,N
666,1,0,0,1,0,0,1,0,S,S
667,0,1,0,1,0,0,1,0,N,N
668,0,1,0,1,1,0,1,0,S,N
669,0,1,0,1,0,0,1,0,N,N
670,0,1,0,1,1,0,1,0,S,N
671,0,1,0,1,0,1,1,0,B,N
672,0,1,0,1,0,1,1,0,B,N
673,0,1,0,1,0,0,1,0,N,N
674,0,1,0,1,0,0,1,1,B,N
675,0,1,0,1,0,0,1,1,B,N
676,0,1,0,1,0,0,1,1,B,N
677,1,0,1,1,0,1,1,0,S,S
678,1,0,1,1,0,0,1,1,S,S
679,1,0,1,1,0,0,1,1,S,S
680,1,0,1,0,0,0,1,1,S,S
681,1,0,1,0,1,0,1,0,S,S
682,1,0,1,0,0,0,1,0,S,S
683,1,0,0,0,0,0,1,0,S,S
684,1,0,0,0,0,1,1,0,S,S
685,1,0,0,0,0,1,1,0,S,S
686,0,1,0,0,1,0,1,0,S,N
687,0,1,0,0,1,0,1,0,S,N
688,0,1,0,0,1,0,1,0,S,N
689,0,1,0,0,1,0,1,0,S,N
690,0,1,0,0,1,0,1,0,S,N
691,0,1,0,0,0,0,1,0,N,N
692,0,1,0,0,0,0,1,0,N,N
693,0,1,0,0,0,0,1,0,N,N
694,0,1,0,0,0,0,1,0,N,N
695,0,1,1,0,0,0,1,0,N,N
696,0,1,1,0,0,0,0,0,B,B
697,0,1,1,0,0,0,1,0,N,N
698,0,1,1,0,0,0,1,0,N,N
699,0,1,1,1,0,0,1,0,N,N
700,1,0,1,1,0,0,1,0,S,S
701,1,0,1,1,1,0,0,0,S,S
702,1,0,1,1,0,0,0,0,S,S
703,1,0,1,1,0,0,0,0,S,S
704,1,0,1,1,0,0,0,0,S,S
705,1,0,1,1,0,1,0,0,N,N
706,1,0,1,1,0,1,0,0,N,N
707,1,0,1,1,1,0,0,0,S,S
708,1,0,1,1,0,1,0,0,N,N
709,1,0,1,1,1,0,0,0,S,S
710,1,0,1,1,0,1,0,0,N,N
711,0,1,1,1,1,0,0,0,N,N
712,0,1,1,1,0,0,1,0,N,N
713,0,1,1,1,0,0,1,0,N,N
714,0,1,1,1,0,0,1,0,N,N
715,0,1,1,0,0,0,1,0,N,N
716,0,1,1,0,0,0,1,0,N,N
717,0,1,1,0,0,0,1,0,N,N
718,0,1,1,0,0,0,1,0,N,N
719,0,1,1,0,0,0,1,0,N,N
720,1,0,1,0,0,1,1,0,S,S
721,1,0,1,0,1,0,1,0,S,S
722,1,0,1,0,1,0,1,0,S,S
723,1,0,1,0,0,1,0,0,N,N
724,1,0,1,0,1,0,0,0,S,S
725,1,0,1,0,0,1,0,0,N,N
726,1,0,1,0,1,0,0,0,S,S
727,1,0,1,0,0,1,0,0,N,N
728,1,0,1,0,0,1,0,0,N,N
729,1,0,1,0,0,1,0,0,N,N
730,0,1,1,0,0,1,0,0,B,B
731,0,1,1,0,0,1,0,0,B,B
732,0,1,1,0,0,1,0,0,B,B
733,0,1,1,0,0,1,1,0,B,N
734,0,1,1,1,0,0,1,0,N,N
735,0,1,1,1,0,0,1,0,N,N
736,0,1,1,0,0,0,1,0,N,N
737,0,1,1,0,0,0,1,0,N,N
738,0,1,1,0,0,0,1,0,N,N
739,1,0,1,1,0,0,1,0,S,S
740,1,0,1,1,1,0,1,0,S,S
741,1,0,1,1,0,1,0,0,N,N
742,1,0,1,1,0,1,0,0,N,N
743,1,0,1,1,0,1,0,0,N,N
744,1,0,1,1,0,1,0,0,N,N
745,1,0,1,1,0,0,1,0,S,S
746,1,0,1,1,0,1,0,0,N,N
747,1,0,1,1,1,0,0,0,S,S
748,1,0,1,1,1,0,0,0,S,S
749,1,0,1,1,1,0,0,0,S,S
750,1,0,1,1,1,0,0,0,S,S
751,1,0,1,1,1,0,0,0,S,S
752,1,0,1,1,0,0,1,0,S,S
753,1,0,1,1,0,0,1,0,S,S
754,1,0,1,0,0,0,1,0,S,S
755,0,1,0,0,0,0,1,0,N,N
756,0,1,0,0,0,0,1,0,N,N
757,0,1,1,0,0,0,1,0,N,N
758,0,1,0,0,0,0,1,0,N,N
759,0,1,0,0,0,0,1,0,N,N
760,0,1,0,0,1,0,1,0,S,N
761,0,1,1,0,0,0,1,0,N,N
762,0,1,1,0,0,0,0,1,B,B
763,0,1,1,0,0,0,0,0,B,B
764,0,1,1,0,0,0,1,0,N,N
765,0,1,0,0,0,0,1,0,N,N
766,0,1,1,0,0,0,1,0,N,N
767,0,1,1,0,0,1,1,0,B,N
768,0,1,1,0,0,1,0,0,B,B
769,0,1,1,0,0,1,1,0,B,N
770,0,1,1,0,0,1,1,0,B,N
771,0,1,1,1,0,1,0,0,B,B
772,0,1,1,1,0,1,0,0,B,B
773,0,1,1,1,0,0,1,0,N,N
774,0,1,1,1,0,0,0,0,B,B
775,1,0,1,1,0,0,0,0,S,S
776,1,0,1,1,0,0,0,0,S,S
777,1,0,1,0,0,0,0,0,S,S
778,1,0,1,0,0,1,0,0,N,N
779,1,0,1,1,0,1,0,0,N,N
780,1,0,1,1,0,1,0,0,N,N
781,1,0,1,0,0,1,0,0,N,N
782,1,0,1,0,0,1,0,0,N,N
783,1,0,1,0,1,0,0,0,S,S
784,1,0,1,0,0,1,0,0,N,N
785,0,1,1,0,1,0,0,0,N,N
786,0,1,1,0,1,0,0,0,N,N
787,0,1,1,0,1,0,1,0,S,N
788,0,1,1,0,0,0,1,0,N,N
789,0,1,1,0,0,0,1,0,N,N
790,0,1,1,0,0,0,1,0,N,N
791,0,1,1,0,0,0,0,0,B,B
792,0,1,1,0,0,0,1,0,N,N
793,0,1,1,0,0,0,0,0,B,B
794,1,0,1,0,0,0,0,0,S,S
795,1,0,1,1,0,0,0,0,S,S
796,1,0,1,1,0,0,0,0,S,S
797,1,0,1,1,0,0,0,0,S,S
798,1,0,1,1,0,0,0,0,S,S
799,1,0,1,1,0,0,0,0,S,S
800,1,0,1,1,0,1,0,0,N,N
801,1,0,1,1,0,1,0,0,N,N
802,1,0,1,1,0,1,0,0,N,N
803,1,0,1,1,0,1,0,0,N,N
804,1,0,1,1,0,1,0,0,N,N
805,1,0,1,1,0,1,0,0,N,N
806,1,0,0,0,0,1,0,0,N,N
807,1,0,0,0,0,1,0,0,N,N
808,1,0,0,1,0,1,0,0,N,N
809,1,0,0,1,1,0,1,0,S,S
810,0,1,0,1,1,0,1,0,S,N
811,0,1,0,1,1,0,1,0,S,N
812,0,1,0,1,1,0,0,0,N,N
813,0,1,0,1,0,0,0,0,B,B
814,0,1,0,1,0,0,0,0,B,B
815,0,1,0,1,0,0,0,0,B,B
816,0,1,0,1,0,0,0,1,B,B
817,0,1,0,1,0,0,0,1,B,B
818,0,1,0,1,0,0,0,1,B,B
819,0,1,0,1,0,0,0,1,B,B
820,0,1,0,1,0,0,0,1,B,B
821,0,1,0,1,0,0,0,1,B,B
822,0,1,0,1,0,0,1,1,B,N
823,0,1,1,1,0,0,1,0,N,N
824,0,1,1,1,0,0,1,1,B,N
825,0,1,1,1,0,0,1,0,N,N
826,0,1,1,1,0,0,1,0,N,N
827,0,1,1,1,0,0,1,1,B,N
828,1,0,1,1,0,0,1,0,S,S
829,1,0,1,1,0,0,1,0,S,S
830,1,0,1,1,0,0,1,0,S,S
831,1,0,1,1,0,1,1,0,S,S
832,1,0,1,1,0,1,1,0,S,S
833,1,0,1,1,0,1,1,0,S,S
834,1,0,1,1,0,1,1,0,S,S
835,1,0,1,1,0,1,1,0,S,S
836,1,0,1,1,0,1,1,0,S,S
837,1,0,1,1,0,1,1,0,S,S
838,1,0,1,1,1,0,1,0,S,S
839,1,0,1,0,1,0,1,0,S,S
840,1,0,0,0,0,1,1,0,S,S
841,1,0,0,1,0,1,1,0,S,S
842,1,0,0,0,0,1,1,0,S,S
843,1,0,0,0,0,1,1,0,S,S
844,1,0,0,1,0,0,1,0,S,S
845,1,0,0,1,0,1,1,0,S,S
846,1,0,0,1,0,1,1,0,S,S
847,1,0,0,1,0,1,1,0,S,S
848,0,1,0,0,1,0,1,0,S,N
849,0,1,0,0,0,1,1,0,B,N
850,0,1,0,0,0,0,1,1,B,N
851,0,1,0,1,0,0,1,1,B,N
852,0,1,0,1,0,0,1,1,B,N
853,0,1,0,1,0,0,1,1,B,N
854,0,1,0,1,0,0,1,1,B,N
855,0,1,0,1,0,0,0,1,B,B
856,0,1,0,1,0,0,1,1,B,N
857,0,1,0,1,0,0,1,1,B,N
858,0,1,0,1,0,1,1,0,B,N
859,0,1,0,1,0,1,1,0,B,N
860,0,1,0,1,0,0,1,1,B,N
861,0,1,0,1,0,0,1,0,N,N
862,0,1,0,1,0,0,1,0,N,N
863,0,1,0,1,0,0,1,1,B,N
864,0,1,0,1,0,0,1,1,B,N
865,0,1,0,1,0,0,1,1,B,N
866,0,1,0,1,0,0,1,1,B,N
867,0,1,0,0,0,0,1,1,B,N
868,0,1,0,0,1,0,1,0,S,N
869,0,1,0,0,0,0,1,1,B,N
870,0,1,0,0,0,0,1,1,B,N
871,0,1,0,0,0,0,1,1,B,N
872,0,1,0,0,1,0,1,0,S,N
873,0,1,0,0,0,1,1,0,B,N
874,0,1,0,0,0,1,1,0,B,N
875,0,1,0,0,0,1,1,0,B,N
876,0,1,0,0,0,1,1,0,B,N
877,0,1,1,0,0,1,1,0,B,N
878,0,1,1,0,0,1,1,0,B,N
879,0,1,1,0,0,1,1,0,B,N
880,0,1,1,0,0,0,1,0,N,N
881,0,1,1,0,0,0,1,0,N,N
882,0,1,1,1,0,0,1,0,N,N
883,0,1,1,1,0,0,1,0,N,N
884,0,1,1,1,0,0,1,0,N,N
885,1,0,1,1,0,0,1,0,S,S
886,1,0,1,0,0,0,1,0,S,S
887,1,0,1,0,0,1,0,0,N,N
888,1,0,1,0,1,0,0,0,S,S
889,1,0,1,0,0,1,0,0,N,N
890,1,0,1,0,0,1,0,0,N,N
891,1,0,1,0,0,1,0,0,N,N
892,1,0,1,0,0,1,0,0,N,N
893,0,1,1,0,1,0,0,0,N,N
894,0,1,1,0,0,0,0,0,B,B
895,0,1,1,0,0,0,1,0,N,N
896,0,1,1,0,0,0,1,0,N,N
897,0,1,1,0,0,0,1,0,N,N
898,0,1,1,0,0,0,0,0,B,B
899,1,0,1,0,0,0,0,0,S,S
900,1,0,1,0,0,1,0,0,N,N
901,1,0,1,0,0,1,0,0,N,N
902,1,0,1,0,0,1,0,0,N,N
903,1,0,1,1,0,1,0,0,N,N
904,1,0,1,1,0,1,0,0,N,N
905,1,0,1,1,1,0,0,0,S,S
906,1,0,1,1,1,0,0,0,S,S
907,1,0,1,0,0,1,0,0,N,N
908,1,0,1,1,0,1,0,0,N,N
909,1,0,1,1,0,1,0,0,N,N
910,1,0,1,1,0,1,0,0,N,N
911,1,0,1,1,0,1,0,0,N,N
912,1,0,1,0,0,1,0,0,N,N
913,1,0,1,0,1,0,0,0,S,S
914,1,0,1,0,1,0,0,0,S,S
915,0,1,1,0,0,0,1,0,N,N
916,0,1,1,0,0,0,1,0,N,N
917,0,1,1,1,0,0,1,0,N,N
918,0,1,1,1,0,0,1,0,N,N
919,0,1,1,1,0,0,1,0,N,N
920,0,1,1,1,0,0,1,0,N,N
921,0,1,1,0,0,0,1,0,N,N
922,1,0,1,0,0,0,1,0,S,S
923,1,0,1,0,0,1,1,0,S,S
924,1,0,1,0,0,1,1,0,S,S
925,1,0,1,0,0,1,1,0,S,S
926,1,0,1,0,0,1,1,0,S,S
927,1,0,1,0,0,1,1,0,S,S
928,1,0,1,0,0,1,1,0,S,S
929,1,0,0,0,0,0,1,0,S,S
930,1,0,0,0,1,0,1,0,S,S
931,1,0,0,0,1,0,1,0,S,S
932,1,0,0,0,1,0,1,0,S,S
933,1,0,0,0,1,0,0,0,S,S
934,1,0,0,0,1,0,0,0,S,S
935,1,0,0,0,0,0,1,0,S,S
936,0,1,0,0,0,0,0,0,B,B
937,0,1,0,0,0,0,0,0,B,B
938,0,1,0,1,0,0,0,0,B,B
939,0,1,0,1,0,0,0,0,B,B
940,0,1,0,1,0,0,0,0,B,B
941,0,1,0,1,0,0,0,0,B,B
942,0,1,0,1,0,0,0,0,B,B
943,0,1,0,1,0,0,0,0,B,B
944,0,1,0,1,0,0,0,0,B,B
945,0,1,0,1,0,0,0,0,B,B
946,1,0,1,1,0,0,0,0,S,S
947,1,0,1,1,0,0,0,1,N,S
948,1,0,1,1,0,0,0,1,N,S
949,1,0,1,1,0,0,0,0,S,S
950,1,0,1,1,0,0,1,0,S,S
951,1,0,0,1,0,1,1,0,S,S
952,1,0,0,1,1,0,1,0,S,S
953,1,0,0,1,0,1,0,0,N,N
954,1,0,0,1,0,1,0,0,N,N
955,1,0,0,1,0,1,0,0,N,N
956,1,0,0,1,0,1,0,0,N,N
957,0,1,0,1,1,0,0,0,N,N
958,0,1,0,1,1,0,1,0,S,N
959,0,1,0,1,1,0,0,0,N,N
960,0,1,0,1,0,0,0,0,B,B
961,0,1,0,1,0,0,0,0,B,B
962,0,1,0,1,0,0,0,1,B,B
963,0,1,0,1,0,0,0,1,B,B
964,0,1,0,1,0,0,0,1,B,B
965,0,1,0,1,0,0,0,1,B,B
966,0,1,0,1,0,0,0,1,B,B
967,0,1,0,1,0,0,0,1,B,B
968,0,1,0,0,0,0,0,1,B,B
969,0,1,0,0,0,0,0,1,B,B
970,0,1,0,0,0,0,1,1,B,N
971,0,1,0,0,0,0,1,1,B,N
972,0,1,0,0,0,1,1,1,B,N
973,0,1,0,0,0,1,1,0,B,N
974,1,0,0,0,0,0,1,1,S,S
975,1,0,0,0,0,1,1,0,S,S
976,1,0,0,0,0,1,1,1,N,S
977,1,0,0,0,0,1,1,0,S,S
978,1,0,0,0,0,1,1,0,S,S
979,1,0,0,0,0,1,1,0,S,S
980,1,0,0,0,0,1,1,0,S,S
981,1,0,0,0,0,1,1,0,S,S
982,1,0,0,0,0,1,1,0,S,S
983,1,0,0,0,0,0,1,0,S,S
984,1,0,0,1,0,0,1,0,S,S
985,1,0,0,1,0,1,1,0,S,S
986,1,0,0,1,0,0,0,0,S,S
987,0,1,0,1,0,1,1,0,B,N
988,0,1,0,1,0,1,1,0,B,N
989,0,1,0,1,0,1,1,0,B,N
990,0,1,0,1,0,1,1,0,B,N
991,0,1,0,1,0,1,1,0,B,N
992,0,1,0,1,0,1,0,0,B,B
993,0,1,0,1,0,1,0,0,B,B
994,0,1,0,1,0,0,0,1,B,B
995,0,1,0,1,0,0,0,1,B,B
996,0,1,0,1,0,0,0,1,B,B
997,0,1,0,1,1,0,1,1,N,N
998,0,1,0,1,0,1,1,1,B,N
999,0,1,0,1,0,1,1,1,B,N
1000,0,1,0,1,0,0,1,1,B,N
1001,0,1,0,1,0,0,1,1,B,N
1002,0,1,0,0,0,0,1,1,B,N
1003,0,1,1,0,0,1,1,0,B,N
1004,0,1,0,0,0,1,1,0,B,N
1005,1,0,0,0,0,0,1,1,S,S
1006,1,0,1,0,0,1,1,0,S,S
1007,1,0,1,0,0,1,1,0,S,S
1008,1,0,1,0,0,1,1,0,S,S
1009,1,0,1,0,0,1,1,0,S,S
1010,1,0,1,0,0,1,1,0,S,S
1011,1,0,0,0,0,1,1,0,S,S
1012,1,0,0,0,1,0,1,0,S,S
1013,1,0,0,0,0,1,1,0,S,S
1014,1,0,0,1,0,1,1,0,S,S
1015,1,0,0,0,1,0,1,0,S,S
1016,1,0,0,1,1,0,1,0,S,S
1017,1,0,0,1,0,1,1,0,S,S
1018,1,0,0,1,1,0,1,0,S,S
1019,1,0,0,1,1,0,1,0,S,S
1020,1,0,0,1,0,1,1,0,S,S
1021,0,1,0,1,0,0,0,0,B,B
1022,0,1,0,1,0,0,0,0,B,B
1023,0,1,0,1,0,0,0,0,B,B
1024,0,1,0,1,0,0,0,0,B,B
1025,0,1,0,1,0,0,0,0,B,B
1026,0,1,0,1,0,0,0,1,B,B
1027,0,1,0,0,0,0,0,1,B,B
1028,0,1,0,0,0,0,0,1,B,B
1029,0,1,0,0,0,0,0,1,B,B
1030,0,1,0,0,0,0,0,1,B,B
1031,0,1,0,0,0,0,0,1,B,B
1032,0,1,0,0,0,1,0,1,B,B
1033,0,1,0,0,0,1,0,1,B,B
1034,0,1,0,0,1,0,0,1,B,N
1035,0,1,0,1,0,1,1,1,B,N
1036,0,1,0,1,1,0,1,1,N,N
1037,0,1,0,1,1,0,1,1,N,N
1038,0,1,0,1,0,1,1,1,B,N
1039,0,1,0,1,0,1,1,1,B,N
1040,0,1,0,1,0,0,1,1,B,N
1041,0,1,0,1,0,0,1,1,B,N
1042,0,1,0,1,0,0,1,1,B,N
1043,0,1,0,1,0,0,1,1,B,N
1044,0,1,0,1,0,0,1,1,B,N
1045,0,1,0,1,0,0,1,1,B,N
1046,0,1,0,1,0,0,1,0,N,N
1047,0,1,0,1,0,0,1,0,N,N
1048,0,1,0,1,0,0,1,1,B,N
1049,0,1,0,1,0,0,1,0,N,N
1050,0,1,0,1,0,0,1,1,B,N
1051,0,1,0,0,0,0,1,1,B,N
1052,0,1,0,0,0,0,1,1,B,N
1053,0,1,0,0,0,0,1,1,B,N
1054,0,1,1,0,0,1,1,1,B,N
1055,0,1,1,1,0,0,1,1,B,N
1056,0,1,1,0,0,1,1,0,B,N
1057,1,0,1,1,0,1,1,0,S,S
1058,1,0,1,1,0,1,1,0,S,S
1059,1,0,1,1,0,1,1,0,S,S
1060,1,0,1,1,0,1,1,0,S,S
1061,1,0,1,1,0,0,1,0,S,S
1062,1,0,1,1,0,0,1,0,S,S
1063,1,0,1,1,1,0,1,0,S,S
1064,1,0,1,1,1,0,1,0,S,S
1065,1,0,0,1,0,1,1,0,S,S
1066,0,1,0,1,1,0,1,0,S,N
1067,0,1,0,1,0,1,1,0,B,N
1068,0,1,0,1,1,0,1,0,S,N
1069,0,1,0,1,1,0,1,0,S,N
1070,0,1,0,1,0,1,1,0,B,N
1071,0,1,0,0,0,1,1,0,B,N
1072,0,1,1,0,0,1,0,0,B,B
1073,0,1,1,0,0,1,1,0,B,N
1074,0,1,1,0,0,0,1,0,N,N
1075,0,1,1,0,0,0,0,1,B,B
1076,0,1,1,0,0,0,0,1,B,B
1077,0,1,1,0,0,0,1,0,N,N
1078,1,0,1,1,0,0,1,0,S,S
1079,1,0,1,1,0,0,1,0,S,S
1080,1,0,1,1,0,0,1,0,S,S
1081,1,0,1,1,0,0,1,0,S,S
1082,1,0,1,1,0,1,0,0,N,N
1083,1,0,1,1,0,1,0,0,N,N
1084,1,0,1,1,0,1,0,0,N,N
1085,1,0,1,1,0,1,0,0,N,N
1086,1,0,1,1,0,1,0,0,N,N
1087,1,0,1,1,0,1,0,0,N,N
1088,1,0,1,1,0,1,0,0,N,N
1089,1,0,1,1,0,1,0,0,N,N
1090,1,0,0,1,0,0,1,0,S,S
1091,1,0,0,1,1,0,1,0,S,S
1092,1,0,0,1,0,0,1,0,S,S
1093,1,0,0,1,0,0,1,0,S,S
1094,1,0,0,1,0,0,1,0,S,S
1095,0,1,0,0,0,0,1,0,N,N
1096,0,1,0,0,0,0,1,0,N,N
1097,0,1,0,0,0,0,1,0,N,N
1098,0,1,0,0,0,0,1,0,N,N
1099,0,1,0,0,0,0,1,0,N,N
1100,0,1,0,0,0,0,0,0,B,B
1101,0,1,0,0,0,0,0,1,B,B
1102,0,1,0,0,0,0,0,0,B,B
1103,0,1,0,0,0,0,0,0,B,B
1104,0,1,0,0,0,0,0,0,B,B
1105,0,1,1,0,0,0,0,0,B,B
1106,0,1,1,0,0,1,0,0,B,B
1107,0,1,0,0,0,0,0,0,B,B
1108,1,0,1,0,0,0,0,0,S,S
1109,1,0,1,0,1,0,0,0,S,S
1110,1,0,1,0,0,1,0,0,N,N
1111,1,0,1,1,0,1,0,0,N,N
1112,1,0,1,1,1,0,0,0,S,S
1113,1,0,0,1,0,1,0,0,N,N
1114,0,1,0,1,0,1,0,0,B,B
1115,0,1,0,1,0,1,0,0,B,B
1116,0,1,0,1,0,1,0,0,B,B
1117,0,1,0,1,0,1,0,0,B,B
1118,0,1,0,1,0,1,0,0,B,B
1119,0,1,0,1,0,1,0,0,B,B
1120,0,1,1,1,1,0,0,0,N,N
1121,0,1,1,1,0,1,0,0,B,B
1122,0,1,1,1,0,0,0,0,B,B
1123,0,1,1,1,0,0,0,1,B,B
1124,0,1,1,1,0,0,0,0,B,B
1125,0,1,1,0,0,0,0,1,B,B
1126,0,1,1,0,0,0,0,0,B,B
1127,1,0,1,0,0,0,0,0,S,S
1128,1,0,1,0,0,0,0,0,S,S
1129,1,0,1,0,0,1,0,0,N,N
1130,1,0,1,0,0,1,0,0,N,N
1131,1,0,1,0,0,1,0,0,N,N
1132,1,0,1,0,0,1,0,0,N,N
1133,1,0,1,0,0,1,0,0,N,N
1134,1,0,1,0,0,1,0,0,N,N
1135,1,0,1,0,0,1,0,0,N,N
1136,1,0,1,0,0,1,0,0,N,N
1137,1,0,1,0,0,1,0,0,N,N
1138,1,0,1,0,0,0,0,0,S,S
1139,1,0,1,0,0,0,0,0,S,S
1140,1,0,1,0,0,1,0,0,N,N
1141,1,0,1,0,0,1,0,0,N,N
1142,1,0,1,0,0,1,0,0,N,N
1143,1,0,1,0,0,1,0,0,N,N
1144,1,0,1,0,0,1,0,0,N,N
1145,1,0,1,0,0,1,0,0,N,N
1146,1,0,0,0,0,1,0,0,N,N
1147,1,0,0,0,0,0,1,0,S,S
1148,1,0,0,0,0,0,1,0,S,S
1149,1,0,0,0,0,0,0,0,S,S
1150,1,0,0,0,1,0,1,0,S,S
1151,1,0,0,0,0,0,0,0,S,S
1152,1,0,0,0,1,0,0,0,S,S
1153,0,1,0,0,1,0,0,0,N,N
1154,0,1,0,0,1,0,0,0,N,N
1155,0,1,0,0,0,0,0,0,B,B
1156,0,1,0,0,1,0,0,0,N,N
1157,0,1,0,0,0,0,0,0,B,B
1158,0,1,0,0,0,0,0,0,B,B
1159,0,1,0,1,0,1,0,0,B,B
1160,0,1,0,1,0,0,0,0,B,B
1161,0,1,0,1,0,0,0,0,B,B
1162,0,1,1,1,0,0,0,1,B,B
1163,0,1,1,1,0,0,0,0,B,B
1164,0,1,1,1,0,0,0,0,B,B
1165,0,1,1,1,0,0,0,0,B,B
1166,0,1,1,1,0,0,0,0,B,B
1167,1,0,1,1,0,0,0,0,S,S
1168,1,0,1,1,0,0,0,0,S,S
1169,1,0,1,1,0,0,0,0,S,S
1170,1,0,1,1,0,1,0,0,N,N
1171,1,0,1,1,0,1,0,0,N,N
1172,1,0,1,1,0,1,0,0,N,N
1173,1,0,1,1,0,1,0,0,N,N
1174,1,0,1,1,0,1,0,0,N,N
1175,1,0,1,1,0,1,0,0,N,N
1176,1,0,1,1,0,1,0,0,N,N
1177,0,1,1,1,0,1,0,0,B,B
1178,0,1,1,0,0,1,0,0,B,B
1179,0,1,1,0,0,1,0,0,B,B
1180,0,1,1,0,1,0,0,0,N,N
1181,0,1,1,0,0,1,0,0,B,B
1182,0,1,1,0,0,1,0,0,B,B
1183,0,1,1,0,1,0,0,0,N,N
1184,0,1,1,0,1,0,0,0,N,N
1185,0,1,1,0,1,0,0,0,N,N
1186,0,1,1,0,0,0,0,0,B,B
1187,1,0,1,0,0,1,0,0,N,N
1188,1,0,1,0,0,1,0,0,N,N
1189,1,0,1,1,0,1,0,0,N,N
1190,1,0,1,1,0,1,0,0,N,N
1191,1,0,1,1,0,1,0,0,N,N
1192,1,0,1,1,0,0,0,0,S,S
1193,1,0,1,1,0,0,0,0,S,S
1194,1,0,1,1,0,0,0,0,S,S
1195,1,0,1,1,0,0,0,0,S,S
1196,1,0,1,1,0,0,0,0,S,S
1197,1,0,1,1,0,0,0,0,S,S
1198,1,0,1,1,0,0,0,0,S,S
1199,1,0,1,1,0,0,0,0,S,S
1200,1,0,1,1,0,1,0,0,N,N
1201,1,0,1,1,0,1,0,0,N,N
1202,1,0,1,1,1,0,0,0,S,S
1203,0,1,1,1,1,0,0,0,N,N
1204,0,1,0,1,1,0,0,0,N,N
1205,0,1,0,0,1,0,1,0,S,N
1206,0,1,0,0,0,0,1,1,B,N
1207,0,1,1,0,0,0,0,1,B,B
1208,0,1,1,0,0,0,1,1,B,N
1209,0,1,1,0,0,0,1,1,B,N
1210,0,1,1,0,0,0,1,1,B,N
1211,1,0,1,0,0,0,1,0,S,S
1212,1,0,1,0,0,0,1,0,S,S
1213,1,0,1,0,0,0,1,0,S,S
1214,1,0,1,0,0,0,1,0,S,S
1215,1,0,1,0,0,0,1,0,S,S
1216,1,0,1,0,0,0,1,0,S,S
1217,0,1,1,0,0,0,1,0,N,N
1218,0,1,1,0,0,0,1,0,N,N
1219,0,1,1,0,0,0,1,0,N,N
1220,0,1,1,0,1,0,1,0,S,N
1221,0,1,1,0,0,0,1,0,N,N
1222,0,1,1,1,1,0,1,0,S,N
1223,0,1,1,1,1,0,1,0,S,N
1224,0,1,1,1,1,0,1,0,S,N
1225,0,1,1,1,0,1,1,0,B,N
1226,0,1,1,1,0,1,1,0,B,N
1227,0,1,1,1,0,0,1,0,N,N
1228,0,1,1,1,0,1,1,0,B,N
1229,0,1,1,1,0,1,0,0,B,B
1230,0,1,1,1,0,0,0,0,B,B
1231,0,1,1,1,0,1,0,0,B,B
1232,1,0,1,1,0,0,0,0,S,S
1233,1,0,1,1,0,1,0,0,N,N
1234,1,0,1,1,0,0,0,0,S,S
1235,1,0,1,1,0,1,0,0,N,N
1236,1,0,1,1,0,1,0,0,N,N
1237,1,0,1,1,0,1,0,0,N,N
1238,1,0,1,1,0,1,0,0,N,N
1239,1,0,1,1,0,1,0,0,N,N
1240,1,0,1,1,1,0,0,0,S,S
1241,1,0,1,1,0,1,0,0,N,N
1242,1,0,1,0,1,0,0,0,S,S
1243,1,0,1,0,1,0,0,0,S,S
1244,0,1,1,0,0,1,0,0,B,B
1245,0,1,1,0,1,0,0,0,N,N
1246,0,1,1,0,0,0,1,0,N,N
1247,0,1,1,0,0,0,1,0,N,N
1248,0,1,1,1,0,0,1,0,N,N
1249,0,1,1,1,0,0,1,0,N,N
1250,0,1,1,1,0,0,1,0,N,N
1251,0,1,1,1,0,0,1,0,N,N
1252,0,1,1,1,0,0,1,0,N,N
1253,0,1,1,1,0,0,1,0,N,N
1254,0,1,1,1,0,0,1,0,N,N
1255,0,1,1,1,0,0,1,0,N,N
1256,0,1,1,1,0,0,0,0,B,B
1257,0,1,1,1,0,0,0,0,B,B
1258,0,1,1,1,0,0,0,0,B,B
1259,1,0,1,1,0,0,0,0,S,S
1260,1,0,1,1,0,1,0,0,N,N
1261,1,0,1,1,1,0,0,0,S,S
1262,1,0,1,1,0,1,0,0,N,N
1263,1,0,1,1,0,1,0,0,N,N
1264,1,0,1,1,1,0,0,0,S,S
1265,1,0,1,1,0,1,0,0,N,N
1266,1,0,1,1,0,1,0,0,N,N
1267,1,0,1,1,0,1,0,0,N,N
1268,1,0,1,1,0,1,0,0,N,N
1269,1,0,1,1,1,0,0,0,S,S
1270,1,0,1,1,0,0,0,0,S,S
1271,1,0,1,1,0,0,0,0,S,S
1272,0,1,1,1,0,0,0,0,B,B
1273,0,1,1,1,0,0,0,0,B,B
1274,0,1,1,1,0,0,0,0,B,B
1275,0,1,1,0,0,0,0,0,B,B
1276,0,1,1,0,0,0,0,0,B,B
1277,0,1,1,0,0,0,0,0,B,B
1278,0,1,1,0,0,0,1,0,N,N
1279,0,1,1,0,0,0,1,0,N,N
1280,0,1,1,0,0,1,1,0,B,N
1281,0,1,1,0,0,1,0,0,B,B
1282,0,1,1,0,0,1,0,0,B,B
1283,1,0,1,0,0,1,0,0,N,N
1284,1,0,1,0,0,1,0,0,N,N
1285,1,0,1,0,0,1,0,0,N,N
1286,1,0,1,0,1,0,0,0,S,S
1287,1,0,1,1,1,0,0,0,S,S
1288,1,0,1,1,0,1,0,0,N,N
1289,1,0,1,1,0,1,0,0,N,N
1290,1,0,1,1,0,1,0,0,N,N
1291,1,0,1,1,0,1,0,0,N,N
1292,1,0,1,0,0,1,0,0,N,N
1293,1,0,1,0,0,1,0,0,N,N
1294,1,0,1,0,0,1,0,0,N,N
1295,1,0,1,0,0,1,0,0,N,N
1296,1,0,1,1,0,1,0,0,N,N
1297,1,0,1,1,0,1,0,0,N,N
1298,1,0,1,0,0,0,0,0,S,S
1299,1,0,1,0,0,0,0,0,S,S
1300,0,1,1,0,0,0,0,1,B,B
1301,1,0,1,0,0,0,1,0,S,S
1302,1,0,1,0,0,0,1,0,S,S
1303,1,0,1,0,0,1,1,0,S,S
1304,1,0,1,0,0,1,0,0,N,N
1305,1,0,1,0,0,1,0,0,N,N
1306,1,0,1,1,0,1,0,0,N,N
1307,1,0,1,0,0,1,0,0,N,N
1308,1,0,1,0,1,0,1,0,S,S
1309,1,0,1,0,0,1,1,0,S,S
1310,1,0,0,0,0,0,1,0,S,S
1311,1,0,0,0,0,0,1,0,S,S
1312,1,0,0,1,1,0,1,0,S,S
1313,1,0,0,0,0,0,1,0,S,S
1314,1,0,0,0,0,0,1,0,S,S
1315,1,0,0,0,1,0,0,0,S,S
1316,1,0,0,0,0,0,1,0,S,S
1317,1,0,0,0,1,0,0,0,S,S
1318,0,1,0,0,0,0,0,0,B,B
1319,0,1,0,0,0,0,0,0,B,B
1320,0,1,0,1,0,0,0,0,B,B
1321,0,1,0,1,0,0,0,0,B,B
1322,0,1,0,1,0,0,0,0,B,B
1323,0,1,0,1,0,0,0,1,B,B
1324,0,1,0,1,0,0,0,1,B,B
1325,0,1,0,1,0,0,0,0,B,B
1326,0,1,0,1,0,0,0,0,B,B
1327,0,1,0,1,0,0,0,0,B,B
1328,0,1,0,1,0,0,0,1,B,B
1329,0,1,0,1,0,0,0,1,B,B
1330,0,1,0,1,0,0,0,1,B,B
1331,0,1,1,1,0,0,0,1,B,B
1332,1,0,1,1,0,1,1,0,S,S
1333,1,0,1,1,0,0,0,1,N,S
1334,1,0,1,1,0,1,1,0,S,S
1335,1,0,1,1,1,0,1,0,S,S
1336,1,0,1,1,0,1,1,0,S,S
1337,1,0,1,1,0,1,1,0,S,S
1338,1,0,0,1,0,1,1,0,S,S
1339,1,0,0,1,0,1,1,0,S,S
1340,0,1,0,1,1,0,1,0,S,N
1341,0,1,0,1,1,0,0,0,N,N
1342,0,1,0,1,0,1,1,0,B,N
1343,0,1,0,1,1,0,1,0,S,N
1344,0,1,0,0,0,0,1,0,N,N
1345,0,1,0,0,1,0,1,0,S,N
1346,0,1,0,0,1,0,1,0,S,N
1347,0,1,1,0,0,0,1,0,N,N
1348,0,1,1,0,0,0,0,1,B,B
1349,0,1,1,0,0,0,0,1,B,B
1350,0,1,1,0,0,0,1,1,B,N
1351,0,1,1,0,0,0,1,1,B,N
1352,0,1,1,0,0,0,1,0,N,N
1353,0,1,1,0,0,0,1,0,N,N
1354,0,1,1,0,0,0,0,0,B,B
1355,0,1,1,0,0,1,0,0,B,B
1356,1,0,1,0,0,0,0,0,S,S
1357,1,0,1,0,0,1,0,0,N,N
1358,1,0,1,0,0,0,0,0,S,S
1359,1,0,1,1,0,0,0,0,S,S
1360,1,0,1,1,0,1,0,0,N,N
1361,1,0,1,1,0,1,0,0,N,N
1362,1,0,1,1,0,1,0,0,N,N
1363,1,0,1,1,0,1,0,0,N,N
1364,1,0,1,1,0,1,0,0,N,N
1365,1,0,1,1,0,1,0,0,N,N
1366,1,0,1,1,0,1,0,0,N,N
1367,1,0,0,1,0,1,0,0,N,N
1368,1,0,0,1,0,1,0,0,N,N
1369,1,0,0,1,0,1,0,0,N,N
1370,1,0,0,1,0,1,0,0,N,N
1371,0,1,0,1,1,0,0,0,N,N
1372,0,1,0,1,1,0,0,0,N,N
1373,0,1,0,1,1,0,0,0,N,N
1374,0,1,0,0,0,0,0,0,B,B
1375,0,1,0,0,0,0,0,0,B,B
1376,0,1,0,0,0,0,0,0,B,B
1377,0,1,0,0,0,0,0,1,B,B
1378,0,1,0,0,0,0,0,1,B,B
1379,0,1,0,0,0,0,0,1,B,B
1380,0,1,0,0,0,0,0,0,B,B
1381,0,1,1,0,0,0,0,0,B,B
1382,0,1,1,0,0,0,0,0,B,B
1383,0,1,1,0,0,0,0,0,B,B
1384,1,0,1,0,0,0,0,0,S,S
1385,1,0,1,1,0,0,0,0,S,S
1386,1,0,1,1,0,0,0,0,S,S
1387,1,0,1,1,0,0,0,0,S,S
1388,1,0,1,1,0,0,1,0,S,S
1389,1,0,1,1,0,1,0,0,N,N
1390,1,0,1,1,0,1,0,0,N,N
1391,1,0,1,1,0,1,0,0,N,N
1392,1,0,1,1,0,1,0,0,N,N
1393,1,0,1,1,0,1,0,0,N,N
1394,1,0,1,1,0,1,0,0,N,N
1395,1,0,1,0,1,0,1,0,S,S
1396,1,0,1,0,0,0,1,0,S,S
1397,1,0,1,0,0,0,1,0,S,S
1398,1,0,1,0,0,0,1,0,S,S
1399,1,0,1,0,0,0,1,0,S,S
1400,1,0,1,0,0,0,1,0,S,S
1401,1,0,0,0,0,1,1,0,S,S
1402,1,0,0,0,0,1,1,0,S,S
1403,1,0,0,0,0,1,1,0,S,S
1404,1,0,0,0,0,1,1,0,S,S
1405,1,0,0,0,0,1,1,0,S,S
1406,1,0,0,0,0,1,1,0,S,S
1407,1,0,0,0,1,0,1,0,S,S
1408,1,0,0,0,0,0,1,0,S,S
1409,1,0,0,0,1,0,1,0,S,S
1410,1,0,0,0,1,0,1,0,S,S
1411,1,0,0,0,0,1,1,0,S,S
1412,0,1,0,0,0,0,0,0,B,B
1413,0,1,0,0,0,0,0,1,B,B
1414,0,1,0,1,0,0,0,1,B,B
1415,0,1,0,1,0,1,1,0,B,N
1416,0,1,0,1,1,0,0,0,N,N
1417,0,1,0,1,1,0,0,0,N,N
1418,0,1,0,0,1,0,0,0,N,N
1419,1,0,0,1,1,0,0,0,S,S
1420,0,1,0,1,0,0,0,0,B,B
1421,0,1,0,1,0,0,0,0,B,B
1422,0,1,0,1,0,0,0,0,B,B
1423,0,1,0,1,0,0,0,1,B,B
1424,0,1,0,1,0,0,0,1,B,B
1425,0,1,0,1,0,0,0,1,B,B
1426,1,0,0,1,0,0,0,1,N,S
1427,1,0,0,1,0,1,1,0,S,S
1428,1,0,0,0,0,1,1,0,S,S
1429,1,0,0,0,0,1,1,0,S,S
1430,1,0,0,0,0,1,1,0,S,S
1431,1,0,0,0,0,0,0,1,N,S
1432,1,0,0,0,0,0,0,1,N,S
1433,1,0,0,0,0,0,0,1,N,S
1434,1,0,0,0,1,0,0,1,S,S
1435,1,0,0,0,1,0,1,1,S,S
1436,1,0,0,0,1,0,0,0,S,S
1437,1,0,0,0,1,0,1,0,S,S
1438,0,1,0,0,0,1,0,0,B,B
1439,0,1,0,0,1,0,0,0,N,N
1440,0,1,0,0,0,0,0,0,B,B
1441,0,1,0,1,0,0,0,0,B,B
1442,0,1,0,1,0,0,0,1,B,B
1443,0,1,0,1,0,0,0,0,B,B
1444,0,1,0,0,0,0,0,0,B,B
1445,0,1,0,1,0,0,0,0,B,B
1446,0,1,0,1,0,0,0,0,B,B
1447,0,1,0,1,0,0,0,1,B,B
1448,0,1,0,1,0,0,0,1,B,B
1449,0,1,1,1,0,0,0,0,B,B
1450,0,1,1,1,0,0,0,0,B,B
1451,0,1,1,1,0,0,0,1,B,B
1452,0,1,1,1,0,0,0,1,B,B
1453,0,1,1,1,0,0,1,0,N,N
1454,1,0,1,0,0,0,1,0,S,S
1455,1,0,1,0,0,1,0,0,N,N
1456,1,0,1,0,0,1,0,0,N,N
1457,1,0,1,0,0,1,0,0,N,N
1458,1,0,1,0,0,1,0,0,N,N
1459,1,0,1,0,0,1,0,0,N,N
1460,1,0,1,0,1,0,0,0,S,S
1461,1,0,1,0,1,0,1,0,S,S
1462,1,0,1,0,1,0,1,0,S,S
1463,1,0,1,0,1,0,1,0,S,S
1464,0,1,1,0,1,0,1,0,S,N
1465,0,1,1,0,1,0,0,0,N,N
1466,0,1,1,0,1,0,0,0,N,N
1467,0,1,1,0,1,0,0,0,N,N
1468,0,1,1,0,0,1,0,0,B,B
1469,0,1,1,0,0,0,1,0,N,N
1470,0,1,1,0,0,1,1,0,B,N
1471,0,1,1,0,0,0,1,0,N,N
1472,0,1,1,0,0,0,0,0,B,B
1473,0,1,1,0,0,0,1,0,N,N
1474,0,1,1,0,0,0,0,0,B,B
1475,0,1,1,0,0,0,0,0,B,B
1476,0,1,1,0,0,0,0,0,B,B
1477,0,1,1,1,0,0,0,0,B,B
1478,0,1,1,0,0,0,0,0,B,B
1479,0,1,1,0,0,0,0,0,B,B
1480,0,1,1,0,0,1,0,0,B,B
1481,0,1,1,0,0,1,0,0,B,B
1482,0,1,1,1,0,1,0,0,B,B
1483,1,0,1,1,0,1,0,0,N,N
1484,1,0,1,1,0,1,0,0,N,N
1485,1,0,1,1,0,1,0,0,N,N
1486,1,0,1,1,0,1,0,0,N,N
1487,1,0,1,1,0,1,0,0,N,N
1488,1,0,1,1,0,1,0,0,N,N
1489,1,0,1,1,0,1,0,0,N,N
1490,1,0,1,1,0,0,0,0,S,S
1491,1,0,1,1,0,0,0,0,S,S
1492,1,0,1,1,0,1,0,0,N,N
1493,1,0,1,1,0,1,0,0,N,N
1494,1,0,1,1,0,1,0,0,N,N
1495,1,0,1,1,0,0,0,0,S,S
1496,1,0,1,1,0,0,0,0,S,S
1497,1,0,1,1,0,0,0,0,S,S
1498,1,0,1,1,0,0,0,0,S,S
1499,1,0,1,1,0,0,0,0,S,S
1500,1,0,1,1,0,1,0,0,N,N
1501,1,0,1,1,0,1,0,0,N,N
1502,1,0,1,1,0,1,0,0,N,N
1503,1,0,1,1,0,1,0,0,N,N
1504,1,0,1,1,0,1,0,0,N,N
1505,1,0,1,1,0,1,0,0,N,N
1506,1,0,1,1,0,1,0,0,N,N
1507,1,0,1,1,0,1,0,0,N,N
1508,1,0,1,0,0,0,0,0,S,S
1509,1,0,1,0,0,0,0,0,S,S
1510,1,0,1,0,1,0,0,0,S,S
1511,1,0,1,0,1,0,0,0,S,S
1512,1,0,1,0,1,0,0,0,S,S
1513,1,0,1,0,1,0,0,0,S,S
1514,1,0,1,0,1,0,0,0,S,S
1515,1,0,0,0,1,0,0,0,S,S
1516,0,1,0,0,0,0,0,0,B,B
1517,0,1,0,0,0,0,0,0,B,B
1518,0,1,0,0,0,0,0,0,B,B
1519,0,1,0,0,0,0,0,0,B,B
1520,0,1,0,0,0,0,0,0,B,B
1521,0,1,0,0,0,0,0,0,B,B
1522,0,1,1,0,0,0,0,0,B,B
1523,0,1,1,0,0,0,0,0,B,B
1524,0,1,1,0,0,0,0,0,B,B
1525,0,1,1,0,0,0,0,0,B,B
1526,0,1,1,0,0,0,0,0,B,B
1527,1,0,1,0,0,0,0,0,S,S
1528,1,0,1,0,0,0,0,0,S,S
1529,1,0,1,1,0,0,0,0,S,S
1530,1,0,1,1,0,0,0,0,S,S
1531,1,0,1,1,0,0,0,0,S,S
1532,1,0,1,1,1,0,0,0,S,S
1533,1,0,1,1,0,1,0,0,N,N
1534,1,0,1,0,0,1,0,0,N,N
1535,1,0,1,1,0,1,0,0,N,N
1536,1,0,0,0,1,0,0,0,S,S
1537,1,0,0,1,0,1,0,0,N,N
1538,1,0,0,0,0,0,0,0,S,S
1539,1,0,0,0,0,0,0,0,S,S
1540,1,0,0,0,0,1,0,0,N,N
1541,1,0,0,0,0,1,0,0,N,N
1542,0,1,0,0,1,0,1,0,S,N
1543,0,1,0,0,0,0,0,0,B,B
1544,0,1,0,1,0,0,0,1,B,B
1545,0,1,0,0,0,0,0,0,B,B
1546,0,1,0,0,0,0,0,1,B,B
1547,0,1,0,0,0,0,0,0,B,B
1548,0,1,0,1,0,1,0,0,B,B
1549,0,1,0,1,0,0,0,0,B,B
1550,0,1,0,1,1,0,0,0,N,N
1551,0,1,0,1,0,1,0,0,B,B
1552,0,1,0,1,0,1,0,0,B,B
1553,0,1,0,1,0,1,0,0,B,B
1554,0,1,0,1,0,1,0,1,B,B
1555,0,1,0,1,0,1,0,1,B,B
1556,0,1,0,1,0,1,0,0,B,B
1557,0,1,0,1,0,1,0,1,B,B
1558,0,1,0,1,0,1,0,1,B,B
1559,1,0,0,1,0,1,0,1,B,N
1560,1,0,0,1,0,0,0,1,N,S
1561,1,0,0,0,0,0,1,0,S,S
1562,1,0,0,0,0,1,0,0,N,N
1563,1,0,0,0,0,1,1,0,S,S
1564,1,0,0,0,0,0,1,0,S,S
1565,1,0,0,0,0,0,1,1,S,S
1566,1,0,0,0,0,1,1,0,S,S
1567,1,0,0,0,0,1,1,0,S,S
1568,0,1,0,0,0,0,1,0,N,N
1569,0,1,0,0,0,0,1,0,N,N
1570,0,1,0,1,1,0,1,0,S,N
1571,0,1,0,1,0,0,1,0,N,N
1572,0,1,0,1,0,0,1,0,N,N
1573,1,0,0,1,1,0,1,0,S,S
1574,0,1,0,1,1,0,0,0,N,N
1575,1,0,0,1,0,0,0,0,S,S
1576,0,1,0,0,0,1,0,0,B,B
1577,0,1,0,1,0,0,0,1,B,B
1578,0,1,0,0,0,0,0,0,B,B
1579,0,1,0,0,0,0,0,1,B,B
1580,1,0,0,0,0,0,0,0,S,S
1581,1,0,0,0,0,0,0,1,N,S
1582,1,0,0,0,0,0,1,0,S,S
1583,1,0,0,0,0,1,1,0,S,S
1584,1,0,0,0,0,1,1,0,S,S
1585,1,0,0,0,0,1,1,0,S,S
1586,1,0,0,0,0,1,0,0,N,N
1587,1,0,0,0,0,0,0,0,S,S
1588,1,0,0,0,0,0,0,1,N,S
1589,1,0,0,0,0,0,0,0,S,S
1590,1,0,0,0,0,1,1,0,S,S
1591,1,0,0,0,0,1,1,0,S,S
1592,1,0,0,0,0,1,1,0,S,S
1593,1,0,0,0,0,1,0,0,N,N
1594,1,0,0,0,1,0,0,0,S,S
1595,1,0,0,0,1,0,0,0,S,S
1596,1,0,0,0,0,0,0,0,S,S
1597,1,0,0,0,0,0,0,1,N,S
1598,1,0,0,0,0,1,0,0,N,N
1599,1,0,0,0,1,0,0,0,S,S
1600,1,0,0,1,0,0,0,1,N,S
1601,1,0,0,1,0,0,0,1,N,S
1602,1,0,0,0,0,0,0,0,S,S
1603,1,0,0,0,0,0,0,0,S,S
1604,1,0,0,0,0,0,0,0,S,S
1605,1,0,0,0,0,0,0,0,S,S
1606,1,0,0,0,0,0,0,0,S,S
1607,0,1,0,0,0,0,0,0,B,B
1608,0,1,0,1,0,0,0,0,B,B
1609,0,1,0,1,0,0,0,0,B,B
1610,0,1,0,1,0,0,0,0,B,B
1611,0,1,0,1,0,0,0,0,B,B
1612,0,1,0,1,0,0,0,0,B,B
1613,0,1,0,1,1,0,0,0,N,N
1614,0,1,0,1,1,0,0,0,N,N
1615,0,1,0,1,0,1,0,0,B,B
1616,0,1,0,1,0,0,0,0,B,B
1617,0,1,0,1,1,0,0,0,N,N
1618,0,1,0,1,0,0,0,1,B,B
1619,0,1,0,1,0,1,0,0,B,B
1620,0,1,0,1,0,0,0,1,B,B
1621,0,1,0,1,0,0,0,1,B,B
1622,0,1,0,1,0,0,0,1,B,B
1623,0,1,0,0,0,0,0,1,B,B
1624,0,1,1,0,0,0,0,1,B,B
1625,0,1,1,0,0,0,0,1,B,B
1626,0,1,1,0,0,0,1,1,B,N
1627,0,1,1,0,0,0,0,1,B,B
1628,0,1,1,0,0,0,1,1,B,N
1629,0,1,1,0,0,1,1,0,B,N
1630,0,1,1,1,0,1,1,0,B,N
1631,0,1,1,1,0,1,0,0,B,B
1632,1,0,1,1,0,1,0,0,N,N
1633,1,0,1,0,0,1,0,0,N,N
1634,1,0,1,0,0,1,0,0,N,N
1635,1,0,1,0,0,1,0,0,N,N
1636,1,0,1,0,0,1,0,0,N,N
1637,1,0,1,0,0,1,0,0,N,N
1638,1,0,1,0,0,1,0,0,N,N
1639,1,0,1,0,0,1,0,0,N,N
1640,1,0,1,0,0,1,0,0,N,N
1641,1,0,1,0,0,1,0,0,N,N
1642,1,0,1,0,0,1,0,0,N,N
1643,1,0,1,0,0,1,0,0,N,N
1644,1,0,1,0,0,1,0,0,N,N
1645,1,0,0,0,0,1,0,0,N,N
1646,1,0,0,0,0,1,1,0,S,S
1647,0,1,0,0,1,0,1,0,S,N
1648,0,1,0,0,0,0,1,0,N,N
1649,0,1,0,0,0,0,1,0,N,N
1650,1,0,0,0,1,0,1,0,S,S
1651,0,1,0,0,0,0,1,0,N,N
1652,0,1,0,0,0,0,1,0,N,N
1653,0,1,0,0,0,0,1,0,N,N
1654,0,1,0,0,0,0,1,0,N,N
1655,0,1,0,0,0,0,1,0,N,N
1656,0,1,0,0,0,0,1,1,B,N
1657,0,1,0,0,0,0,1,1,B,N
1658,0,1,0,0,0,0,1,0,N,N
1659,0,1,1,0,0,0,1,1,B,N
1660,0,1,1,0,0,0,1,0,N,N
1661,0,1,1,0,1,0,1,0,S,N
1662,0,1,1,0,1,0,1,0,S,N
1663,0,1,1,0,0,0,1,0,N,N
1664,0,1,1,0,0,0,1,0,N,N
1665,0,1,1,0,0,0,1,0,N,N
1666,0,1,1,0,0,0,1,0,N,N
1667,0,1,1,0,0,0,1,0,N,N
1668,0,1,1,0,0,1,0,0,B,B
1669,0,1,1,1,0,1,1,0,B,N
1670,0,1,1,1,0,1,1,0,B,N
1671,0,1,1,1,0,1,1,0,B,N
1672,0,1,1,1,0,0,1,0,N,N
1673,0,1,1,1,0,0,1,0,N,N
1674,0,1,1,1,0,0,1,0,N,N
1675,1,0,1,1,0,0,1,0,S,S
1676,1,0,1,1,0,0,0,0,S,S
1677,1,0,1,1,0,0,0,0,S,S
1678,1,0,1,0,0,1,0,0,N,N
1679,1,0,1,0,0,1,0,0,N,N
1680,1,0,1,0,0,1,0,0,N,N
1681,1,0,1,0,0,1,0,0,N,N
1682,1,0,1,0,0,1,0,0,N,N
1683,1,0,1,0,0,1,1,0,S,S
1684,1,0,1,0,0,1,1,0,S,S
1685,1,0,1,0,0,1,1,0,S,S
1686,1,0,1,0,0,1,1,0,S,S
1687,1,0,0,0,0,1,1,0,S,S
1688,1,0,0,0,1,0,0,0,S,S
1689,1,0,0,0,1,0,1,0,S,S
1690,1,0,0,0,1,0,1,0,S,S
1691,1,0,0,0,1,0,1,0,S,S
1692,1,0,0,0,1,0,1,0,S,S
1693,1,0,0,0,1,0,0,0,S,S
1694,1,0,0,0,0,0,1,0,S,S
1695,1,0,0,0,0,0,0,0,S,S
1696,1,0,0,0,0,0,0,0,S,S
1697,1,0,0,0,0,0,0,0,S,S
1698,1,0,0,0,0,0,0,0,S,S
1699,1,0,0,0,0,0,0,0,S,S
1700,1,0,0,0,0,0,0,0,S,S
1701,1,0,0,0,0,0,0,0,S,S
1702,1,0,0,0,0,0,0,1,N,S
1703,1,0,0,0,0,0,0,0,S,S
1704,1,0,0,0,0,0,0,1,N,S
1705,1,0,0,0,0,0,0,1,N,S
1706,1,0,0,0,0,0,0,0,S,S
1707,1,0,0,0,0,0,0,0,S,S
1708,1,0,0,0,0,0,0,0,S,S
1709,1,0,0,1,0,0,0,0,S,S
1710,0,1,0,1,0,0,0,0,B,B
1711,0,1,0,1,0,0,0,0,B,B
1712,0,1,0,1,0,0,0,0,B,B
1713,0,1,0,1,0,0,0,0,B,B
1714,0,1,0,1,0,0,0,0,B,B
1715,0,1,0,1,1,0,0,0,N,N
1716,0,1,0,1,1,0,0,0,N,N
1717,0,1,0,1,1,0,0,0,N,N
1718,0,1,0,1,0,0,0,0,B,B
1719,0,1,0,1,0,0,0,0,B,B
1720,0,1,0,1,0,0,0,1,B,B
1721,0,1,0,1,0,0,0,1,B,B
1722,0,1,0,0,0,0,0,1,B,B
1723,0,1,1,0,0,0,0,1,B,B
1724,0,1,1,0,0,0,0,1,B,B
1725,0,1,1,0,0,0,0,0,B,B
1726,0,1,1,0,0,0,0,0,B,B
1727,0,1,1,0,0,0,0,0,B,B
1728,0,1,1,0,0,1,0,0,B,B
1729,0,1,1,0,0,1,0,0,B,B
1730,1,0,1,0,0,1,0,0,N,N
1731,1,0,1,0,0,1,0,0,N,N
1732,1,0,1,1,0,1,0,0,N,N
1733,1,0,1,1,0,1,0,0,N,N
1734,1,0,1,1,0,1,0,0,N,N
1735,1,0,1,1,0,1,0,0,N,N
1736,1,0,1,1,0,1,0,0,N,N
1737,1,0,1,1,0,1,0,0,N,N
1738,1,0,1,1,0,1,0,0,N,N
1739,1,0,1,1,0,1,0,0,N,N
1740,1,0,1,1,0,1,0,0,N,N
1741,1,0,1,1,1,0,0,0,S,S
1742,1,0,1,1,1,0,0,0,S,S
1743,0,1,1,1,1,0,0,0,N,N
1744,0,1,1,1,0,1,0,0,B,B
1745,0,1,1,1,1,0,0,0,N,N
1746,0,1,1,1,0,0,1,0,N,N
1747,0,1,1,1,0,0,1,0,N,N
1748,0,1,1,1,0,0,1,0,N,N
1749,0,1,1,1,0,0,0,0,B,B
1750,0,1,1,1,0,0,1,0,N,N
1751,0,1,1,1,0,0,0,0,B,B
1752,0,1,1,1,0,0,0,0,B,B
1753,0,1,1,1,0,0,0,0,B,B
1754,1,0,1,1,0,0,0,0,S,S
1755,1,0,1,1,0,0,0,0,S,S
1756,1,0,1,1,0,0,0,0,S,S
1757,1,0,1,1,0,0,0,0,S,S
1758,1,0,1,1,0,0,0,0,S,S
1759,1,0,1,1,0,0,0,0,S,S
1760,1,0,1,1,0,1,0,0,N,N
1761,1,0,1,1,0,1,0,0,N,N
1762,1,0,1,1,0,1,0,0,N,N
1763,1,0,1,1,0,1,0,0,N,N
1764,1,0,1,1,0,1,0,0,N,N
1765,1,0,1,1,0,1,0,0,N,N
1766,1,0,1,1,0,1,0,0,N,N
1767,1,0,1,0,0,1,0,0,N,N
1768,1,0,1,0,1,0,1,0,S,S
1769,1,0,0,0,1,0,1,0,S,S
1770,1,0,0,0,0,0,1,0,S,S
1771,0,1,0,0,0,0,1,0,N,N
1772,0,1,0,0,0,0,1,0,N,N
1773,0,1,0,0,0,0,1,0,N,N
1774,0,1,0,0,0,0,1,0,N,N
1775,0,1,0,0,0,0,1,0,N,N
1776,0,1,0,0,0,0,1,1,B,N
1777,0,1,0,0,0,0,1,1,B,N
1778,0,1,1,0,0,0,1,0,N,N
1779,0,1,1,0,0,0,1,1,B,N
1780,0,1,1,0,0,0,1,1,B,N
1781,0,1,1,0,0,0,1,0,N,N
1782,0,1,1,0,0,0,1,0,N,N
1783,0,1,1,0,0,0,1,0,N,N
1784,0,1,1,0,0,0,1,0,N,N
1785,0,1,1,0,0,0,1,0,N,N
1786,0,1,1,0,0,0,1,0,N,N
1787,0,1,1,0,0,0,1,0,N,N
1788,0,1,1,0,0,0,0,0,B,B
1789,1,0,1,0,0,1,0,0,N,N
1790,1,0,1,0,0,1,0,0,N,N
1791,1,0,1,0,0,1,0,0,N,N
1792,1,0,1,0,0,1,0,0,N,N
1793,1,0,1,0,0,0,0,0,S,S
1794,1,0,1,0,0,0,0,0,S,S
1795,1,0,1,1,0,0,0,0,S,S
1796,1,0,1,1,0,1,0,0,N,N
1797,1,0,1,1,0,0,0,0,S,S
1798,1,0,1,1,0,1,0,0,N,N
1799,1,0,1,1,0,1,0,0,N,N
1800,1,0,1,1,0,1,0,0,N,N
1801,1,0,1,1,0,1,0,0,N,N
1802,1,0,1,1,0,1,0,0,N,N
1803,1,0,1,1,0,1,0,0,N,N
1804,1,0,1,1,0,1,0,0,N,N
1805,1,0,1,1,0,1,0,0,N,N
1806,1,0,1,1,0,1,0,0,N,N
1807,1,0,1,1,0,1,1,0,S,S
1808,1,0,1,1,0,1,0,0,N,N
1809,1,0,0,1,0,1,1,0,S,S
1810,1,0,0,1,0,1,1,0,S,S
1811,0,1,0,1,0,0,1,0,N,N
1812,1,0,0,1,0,0,1,1,S,S
1813,1,0,0,1,0,0,1,1,S,S
1814,1,0,0,1,0,0,1,0,S,S
1815,1,0,0,1,0,0,1,0,S,S
1816,1,0,0,1,0,0,1,0,S,S
1817,1,0,0,1,0,0,1,0,S,S
1818,0,1,0,1,0,0,1,0,N,N
1819,0,1,0,0,0,0,1,0,N,N
1820,0,1,0,1,0,0,1,0,N,N
1821,0,1,0,0,0,0,1,0,N,N
1822,0,1,0,0,0,0,1,0,N,N
1823,0,1,0,0,1,0,1,0,S,N
1824,0,1,0,0,0,0,1,0,N,N
1825,0,1,0,0,1,0,1,0,S,N
1826,0,1,1,0,0,0,1,1,B,N
1827,0,1,1,0,0,0,1,1,B,N
1828,0,1,1,0,0,0,1,0,N,N
1829,0,1,1,0,0,0,1,0,N,N
1830,0,1,1,0,0,0,1,0,N,N
1831,0,1,1,0,0,0,1,0,N,N
1832,0,1,1,0,0,0,1,0,N,N
1833,1,0,1,0,0,0,1,0,S,S
1834,1,0,1,0,0,0,1,0,S,S
1835,1,0,1,0,0,0,1,0,S,S
1836,1,0,1,0,0,1,0,0,N,N
1837,1,0,1,0,0,1,0,0,N,N
1838,1,0,1,1,0,1,0,0,N,N
1839,1,0,1,1,0,1,0,0,N,N
1840,1,0,1,1,0,1,1,0,S,S
1841,1,0,1,1,0,1,0,0,N,N
1842,1,0,1,1,0,1,0,0,N,N
1843,1,0,1,1,0,1,0,0,N,N
1844,1,0,1,1,0,1,0,0,N,N
1845,1,0,0,1,0,1,0,0,N,N
1846,1,0,0,1,0,1,1,0,S,S
1847,1,0,0,1,0,1,1,0,S,S
1848,1,0,0,1,0,1,1,0,S,S
1849,1,0,0,1,0,1,1,0,S,S
1850,0,1,0,0,0,1,1,0,B,N
1851,0,1,0,0,1,0,1,0,S,N
1852,0,1,0,0,1,0,1,0,S,N
1853,0,1,0,0,1,0,1,0,S,N
1854,0,1,0,0,0,0,0,0,B,B
1855,0,1,0,0,0,0,0,0,B,B
1856,0,1,0,0,0,0,0,1,B,B
1857,0,1,0,0,0,0,0,1,B,B
1858,0,1,0,0,0,0,0,0,B,B
1859,0,1,0,0,0,0,0,1,B,B
1860,0,1,0,0,0,0,0,1,B,B
1861,0,1,0,0,0,0,0,0,B,B
1862,0,1,0,0,0,0,0,0,B,B
1863,0,1,1,0,0,0,1,0,N,N
1864,0,1,1,0,0,0,1,0,N,N
1865,1,0,1,1,0,0,1,0,S,S
1866,1,0,1,1,0,0,1,0,S,S
1867,1,0,1,1,0,0,1,0,S,S
1868,1,0,1,1,0,0,0,0,S,S
1869,0,1,1,1,0,0,1,0,N,N
1870,0,1,1,1,0,0,0,0,B,B
1871,1,0,1,1,1,0,1,0,S,S
1872,1,0,1,1,0,1,1,0,S,S
1873,1,0,1,1,0,1,0,0,N,N
1874,0,1,1,1,0,1,1,0,B,N
1875,0,1,1,1,0,1,0,0,B,B
1876,0,1,1,1,0,1,0,0,B,B
1877,0,1,1,1,0,1,1,0,B,N
1878,0,1,1,1,0,0,1,0,N,N
1879,1,0,1,1,0,0,1,0,S,S
1880,1,0,1,1,0,0,1,0,S,S
1881,1,0,1,1,0,0,1,0,S,S
1882,1,0,1,1,0,1,1,0,S,S
1883,1,0,1,0,0,1,1,0,S,S
1884,1,0,1,0,1,0,1,0,S,S
1885,1,0,1,1,0,0,0,0,S,S
1886,1,0,1,1,0,0,1,0,S,S
1887,1,0,1,1,1,0,1,0,S,S
1888,1,0,0,1,1,0,1,0,S,S
1889,1,0,0,1,1,0,0,0,S,S
1890,1,0,0,1,0,1,0,0,N,N
1891,1,0,0,1,0,1,0,0,N,N
1892,0,1,0,1,0,1,1,0,B,N
1893,0,1,0,0,1,0,1,0,S,N
1894,0,1,0,0,0,1,1,0,B,N
1895,0,1,0,0,0,1,1,0,B,N
1896,0,1,0,0,0,0,1,0,N,N
1897,0,1,0,0,0,0,0,1,B,B
1898,1,0,0,0,0,0,0,1,N,S
1899,1,0,0,0,0,0,0,1,N,S
1900,1,0,0,0,0,0,0,1,N,S
1901,1,0,0,0,0,0,0,1,N,S
1902,1,0,0,0,0,0,1,0,S,S
1903,1,0,0,0,0,0,1,0,S,S
1904,1,0,0,0,0,1,1,0,S,S
1905,1,0,0,0,0,1,1,0,S,S
1906,1,0,0,0,0,1,1,0,S,S
1907,1,0,0,0,0,1,0,0,N,N
1908,1,0,0,0,0,1,1,0,S,S
1909,1,0,0,0,0,1,0,0,N,N
1910,0,1,0,0,0,1,0,0,B,B
1911,0,1,0,0,1,0,0,0,N,N
1912,0,1,0,0,1,0,0,0,N,N
1913,0,1,0,0,1,0,0,0,N,N
1914,0,1,0,0,0,0,0,0,B,B
1915,0,1,0,0,0,0,0,0,B,B
1916,0,1,0,1,0,0,0,1,B,B
1917,0,1,0,1,0,1,0,1,B,B
1918,0,1,0,1,0,1,0,0,B,B
1919,0,1,0,1,0,1,0,0,B,B
1920,0,1,0,1,0,0,0,1,B,B
1921,0,1,0,1,0,0,0,1,B,B
1922,1,0,0,1,0,0,0,0,S,S
1923,1,0,0,1,0,0,0,1,N,S
1924,1,0,0,1,0,0,0,1,N,S
1925,1,0,0,1,0,0,0,1,N,S
1926,1,0,0,1,0,1,1,0,S,S
1927,1,0,0,1,0,0,0,1,N,S
1928,1,0,0,1,0,1,1,0,S,S
1929,1,0,0,0,0,1,1,0,S,S
1930,1,0,0,0,0,1,1,0,S,S
1931,1,0,0,0,1,0,0,1,S,S
1932,1,0,0,0,0,1,1,0,S,S
1933,1,0,0,0,0,1,1,0,S,S
1934,1,0,0,0,0,1,1,0,S,S
1935,0,1,0,0,0,1,0,0,B,B
1936,0,1,0,0,1,0,0,1,B,N
1937,0,1,0,0,1,0,0,1,B,N
1938,0,1,0,0,1,0,0,1,B,N
1939,0,1,0,0,1,0,0,1,B,N
1940,0,1,0,0,0,0,1,0,N,N
1941,0,1,0,0,0,0,0,1,B,B
1942,0,1,0,0,0,0,1,0,N,N
1943,0,1,0,0,0,0,0,1,B,B
1944,0,1,0,0,0,0,0,1,B,B
1945,0,1,0,0,0,0,1,0,N,N
1946,0,1,0,0,0,0,0,1,B,B
1947,0,1,0,0,0,0,0,1,B,B
1948,0,1,0,0,0,0,1,1,B,N
1949,0,1,0,1,0,0,1,1,B,N
1950,0,1,0,1,0,0,1,1,B,N
1951,0,1,1,1,0,0,1,1,B,N
1952,0,1,1,1,0,1,1,0,B,N
1953,0,1,1,0,0,1,1,0,B,N
1954,0,1,1,0,0,0,1,1,B,N
1955,0,1,1,0,0,0,1,0,N,N
1956,0,1,1,0,0,1,1,0,B,N
1957,0,1,1,0,0,0,1,0,N,N
1958,0,1,1,0,0,1,1,0,B,N
1959,0,1,1,0,0,1,0,0,B,B
1960,0,1,1,0,1,0,0,0,N,N
1961,0,1,1,0,0,1,0,0,B,B
1962,1,0,1,0,1,0,0,0,S,S
1963,1,0,1,0,0,1,0,0,N,N
1964,1,0,1,0,0,1,0,0,N,N
1965,1,0,1,0,0,1,0,0,N,N
1966,1,0,1,0,0,1,0,0,N,N
1967,1,0,1,0,0,1,0,0,N,N
1968,1,0,1,0,0,1,0,0,N,N
1969,1,0,1,0,0,1,0,0,N,N
1970,1,0,1,0,0,1,0,0,N,N
1971,1,0,1,0,0,1,0,0,N,N
1972,1,0,1,0,0,1,0,0,N,N
1973,1,0,1,0,1,0,0,0,S,S
1974,1,0,1,0,0,0,0,0,S,S
1975,1,0,1,0,0,0,0,0,S,S
1976,1,0,1,0,0,0,0,0,S,S
1977,1,0,1,0,0,0,0,0,S,S
1978,1,0,0,0,0,0,0,0,S,S
1979,1,0,0,0,0,0,0,0,S,S
1980,1,0,0,0,0,1,0,0,N,N
1981,1,0,0,0,0,1,0,0,N,N
1982,1,0,0,0,0,1,0,0,N,N
1983,1,0,0,0,0,1,1,0,S,
1984,1,0,0,0,0,0,0,0,S,
1985,1,0,0,0,0,1,0,0,N,
1986,1,0,0,0,0,0,0,0,S,
1987,1,0,0,0,1,0,0,0,S,
1988,1,0,0,0,0,0,0,0,S,
1989,1,0,0,1,0,0,0,0,S,
1990,0,1,0,1,0,0,0,0,B,
1991,0,1,0,1,0,0,0,0,B,
1992,0,1,0,1,0,0,0,0,B,
1993,0,1,0,1,1,0,0,0,N,
1994,0,1,0,1,1,0,0,0,N,
1995,0,1,0,1,1,0,0,0,N,
1996,0,1,0,1,1,0,0,0,N,
1997,0,1,0,1,0,0,0,0,B,
1998,0,1,0,1,0,0,0,0,B,
1999,0,1,0,1,0,0,0,0,B,
2000,0,1,0,1,0,0,0,1,B,
2001,0,1,0,1,0,0,0,1,B,
2002,0,1,0,1,0,0,0,0,B,
2003,0,1,1,1,0,0,0,0,B,
2004,0,1,1,1,0,0,0,1,B,
2005,0,1,1,1,0,0,0,1,B,
2006,1,0,1,1,0,0,0,1,N,
2007,1,0,1,1,0,0,0,0,S,
2008,1,0,1,1,0,1,0,0,N,
2009,1,0,1,1,0,1,0,0,N,
2010,1,0,1,1,0,1,0,0,N,
2011,1,0,1,1,0,1,0,0,N,
2012,1,0,1,1,0,1,0,0,N,
2013,1,0,1,1,0,1,0,0,N,
2014,1,0,1,1,0,1,0,0,N,
2015,1,0,1,0,0,1,0,0,N,
2016,1,0,1,0,0,1,0,0,N,
2017,0,1,1,0,0,1,1,0,B,
2018,0,1,1,0,0,1,1,0,B,
2019,0,1,1,0,0,1,1,0,B,
2020,0,1,1,0,0,1,1,0,B,
2021,0,1,1,0,0,0,1,0,N,
2022,0,1,1,0,1,0,1,0,S,
2023,0,1,1,0,1,0,1,0,S,
2024,0,1,1,0,0,1,1,0,B,
2025,0,1,1,0,0,1,1,0,B,
2026,0,1,1,0,0,1,1,0,B,
2027,0,1,1,0,0,1,0,0,B,
2028,0,1,1,0,0,1,0,0,B,
2029,0,1,1,0,0,0,0,0,B,
2030,1,0,1,1,0,0,0,0,S,
2031,1,0,1,1,0,0,0,0,S,
2032,1,0,1,1,0,0,0,0,S,
2033,1,0,1,1,0,1,0,0,N,
2034,1,0,1,1,0,0,0,0,S,
2035,1,0,1,1,0,0,0,0,S,
2036,1,0,1,1,0,1,0,0,N,
2037,1,0,1,1,0,0,0,0,S,
2038,1,0,1,1,0,1,0,0,N,
2039,1,0,1,1,0,1,0,0,N,
2040,1,0,1,0,0,1,0,0,N,
2041,1,0,1,0,0,1,0,0,N,
2042,1,0,1,0,0,1,0,0,N,
2043,1,0,1,0,0,1,0,0,N,
2044,1,0,0,0,0,1,0,0,N,
2045,1,0,0,0,0,0,1,0,S,
2046,0,1,0,0,0,0,0,0,B,
2047,0,1,0,0,0,0,1,0,N,
2048,0,1,0,0,0,0,0,1,B,
2049,0,1,0,0,0,0,1,0,N,
2050,0,1,0,0,0,0,0,1,B,
2051,0,1,0,0,0,0,1,0,N,
2052,0,1,0,0,0,0,1,0,N,
2053,0,1,0,1,0,1,1,0,B,
2054,0,1,0,1,1,0,1,0,S,
2055,0,1,0,1,0,0,1,0,N,
2056,0,1,0,1,0,0,1,0,N,
2057,0,1,0,1,0,0,0,1,B,
2058,0,1,0,1,0,0,0,1,B,
2059,0,1,1,1,0,0,1,0,N,
2060,0,1,1,1,0,0,1,1,B,
2061,1,0,1,1,0,1,1,0,S,
2062,1,0,1,0,0,1,1,0,S,
2063,1,0,1,0,0,0,1,0,S,
2064,1,0,1,0,0,0,1,0,S,
2065,1,0,1,0,0,0,1,0,S,
2066,1,0,1,0,0,1,0,0,N,
2067,1,0,1,0,0,0,1,0,S,
2068,1,0,1,0,1,0,1,0,S,
2069,1,0,0,0,0,0,1,0,S,
2070,1,0,0,0,0,0,0,0,S,
2071,1,0,0,0,1,0,0,0,S,
2072,1,0,0,0,0,0,1,0,S,
2073,1,0,0,0,0,0,0,0,S,
2074,1,0,0,0,1,0,0,0,S,
2075,1,0,0,0,0,0,0,0,S,
2076,1,0,0,1,0,1,0,0,N,
2077,0,1,0,1,1,0,0,0,N,
2078,0,1,0,1,1,0,0,0,N,
2079,0,1,0,1,0,0,0,0,B,
2080,0,1,0,1,0,0,0,0,B,
2081,0,1,0,1,0,0,0,0,B,
2082,0,1,0,1,0,0,0,0,B,
2083,0,1,0,1,0,0,0,0,B,
2084,0,1,0,1,0,0,0,1,B,
2085,0,1,0,1,0,0,0,1,B,
2086,0,1,0,1,0,0,0,1,B,
2087,0,1,0,1,0,0,0,1,B,
2088,0,1,0,1,0,0,0,1,B,
2089,0,1,0,1,1,0,0,1,B,
2090,0,1,0,1,1,0,0,1,B,
2091,0,1,0,1,1,0,1,0,S,
2092,0,1,0,1,0,1,0,0,B,
2093,0,1,0,0,0,1,0,0,B,
2094,0,1,0,1,0,1,0,0,B,
2095,0,1,0,1,1,0,1,0,S,
2096,0,1,0,1,0,1,0,0,B,
2097,0,1,0,1,0,1,0,1,B,
2098,0,1,0,0,0,1,0,1,B,
2099,0,1,0,0,0,1,0,1,B,
2100,0,1,0,0,0,0,1,0,N,
2101,0,1,0,0,1,0,1,0,S,
2102,0,1,0,0,0,0,0,1,B,
2103,0,1,0,0,0,0,1,1,B,
2104,0,1,1,0,0,0,1,1,B,
2105,0,1,1,0,0,0,0,1,B,
2106,0,1,1,0,0,0,1,1,B,
2107,0,1,1,0,0,0,1,1,B,
2108,0,1,1,0,0,0,1,0,N,
2109,0,1,1,0,0,0,1,0,N,
2110,0,1,1,0,0,1,1,0,B,
2111,0,1,1,0,0,1,1,0,B,
2112,0,1,1,0,0,1,1,0,B,
2113,0,1,1,0,0,0,1,0,N,
2114,0,1,1,0,0,0,0,0,B,
2115,0,1,1,0,0,1,0,0,B,
2116,0,1,1,0,0,1,0,0,B,
2117,0,1,1,1,0,0,0,0,B,
2118,0,1,1,1,0,0,0,0,B,
2119,1,0,1,1,0,0,0,0,S,
2120,1,0,1,1,0,1,0,0,N,
2121,1,0,1,1,0,1,0,0,N,
2122,1,0,1,1,0,1,0,0,N,
2123,1,0,1,1,0,1,0,0,N,
2124,1,0,1,1,0,1,0,0,N,
2125,1,0,1,1,0,1,0,0,N,
2126,1,0,1,1,0,1,0,0,N,
2127,1,0,1,1,0,1,0,0,N,
2128,1,0,1,0,0,1,0,0,N,
2129,1,0,1,0,0,1,0,0,N,
2130,1,0,1,1,0,1,0,0,N,
2131,1,0,1,0,0,1,0,0,N,
2132,1,0,1,0,1,0,0,0,S,
2133,1,0,1,0,1,0,0,0,S,
2134,1,0,1,0,1,0,0,0,S,
2135,1,0,0,0,1,0,0,0,S,
2136,1,0,0,0,0,0,0,0,S,
2137,1,0,0,0,0,0,0,0,S,
2138,1,0,0,0,0,0,1,0,S,
2139,1,0,0,0,0,0,1,0,S,
2140,1,0,0,0,0,1,1,0,S,
2141,1,0,0,0,0,1,1,0,S,
2142,1,0,0,0,0,1,1,0,S,
2143,1,0,0,0,0,0,1,0,S,
2144,1,0,0,0,0,0,0,0,S,
2145,1,0,0,1,0,0,0,1,N,
2146,0,1,0,1,0,0,0,1,B,
2147,0,1,0,1,0,0,0,0,B,
2148,0,1,0,0,1,0,0,0,N,
2149,0,1,0,0,0,0,0,1,B,
2150,0,1,0,0,0,0,0,0,B,
2151,0,1,0,0,0,0,0,0,B,
2152,0,1,0,0,0,0,0,0,B,
2153,0,1,0,0,1,0,0,0,N,
2154,0,1,0,0,0,1,0,0,B,
2155,0,1,0,0,0,1,0,0,B,
2156,0,1,0,0,0,0,0,0,B,
2157,0,1,0,0,0,0,0,1,B,
2158,0,1,1,0,0,1,0,0,B,
2159,0,1,1,0,0,1,0,0,B,
2160,0,1,1,0,0,0,0,0,B,
2161,1,0,1,0,0,0,0,0,S,
2162,1,0,1,0,0,0,0,0,S,
2163,1,0,1,0,0,1,0,0,N,
2164,1,0,1,0,0,1,0,0,N,
2165,1,0,1,0,0,1,0,0,N,
2166,1,0,1,0,0,1,0,0,N,
2167,1,0,1,0,0,1,0,0,N,
2168,1,0,1,0,1,0,0,0,S,
2169,1,0,1,0,1,0,0,0,S,
2170,1,0,0,0,1,0,0,0,S,
2171,1,0,0,0,1,0,0,0,S,
2172,1,0,0,0,0,1,0,0,N,
2173,0,1,0,0,0,1,0,0,B,
2174,0,1,0,0,0,1,0,0,B,
2175,0,1,0,0,0,0,0,0,B,
2176,0,1,0,0,0,0,0,0,B,
2177,0,1,0,0,0,0,0,0,B,
2178,0,1,0,0,0,0,0,0,B,
2179,0,1,0,0,0,0,0,0,B,
2180,0,1,1,0,0,0,0,0,B,
2181,0,1,1,0,0,0,0,0,B,
2182,0,1,1,1,0,0,0,0,B,
2183,0,1,1,1,0,0,0,1,B,
2184,0,1,1,1,0,0,0,1,B,
2185,0,1,1,0,0,0,0,0,B,
2186,0,1,1,1,0,0,0,0,B,
2187,0,1,1,1,0,0,0,0,B,
2188,0,1,1,0,0,0,0,0,B,
2189,0,1,1,0,0,1,0,0,B,
2190,0,1,1,0,0,1,0,0,B,
2191,0,1,1,0,0,1,0,0,B,
2192,0,1,1,0,0,0,0,0,B,
2193,0,1,1,0,0,0,0,0,B,
2194,0,1,1,0,0,0,0,0,B,
2195,0,1,1,0,0,0,0,0,B,
2196,0,1,1,0,0,0,0,0,B,
2197,0,1,1,0,0,1,0,0,B,
2198,0,1,1,0,0,1,0,0,B,
2199,1,0,1,0,0,0,0,0,S,
2200,1,0,1,0,0,1,0,0,N,
2201,1,0,1,0,0,1,0,0,N,
2202,1,0,1,1,0,1,0,0,N,
2203,1,0,1,1,0,1,0,0,N,
2204,1,0,1,1,0,1,0,0,N,
2205,1,0,1,1,0,1,0,0,N,
2206,1,0,1,1,0,1,0,0,N,
2207,1,0,1,1,0,1,0,0,N,
2208,1,0,1,1,0,1,0,0,N,
2209,1,0,1,1,0,1,0,0,N,
2210,1,0,1,1,0,1,0,0,N,
2211,1,0,1,1,0,1,0,0,N,
2212,1,0,1,0,0,1,0,0,N,
2213,1,0,1,0,1,0,0,0,S,
2214,1,0,1,0,0,0,0,0,S,
2215,1,0,1,0,0,0,0,0,S,
2216,1,0,1,0,0,0,0,0,S,
2217,1,0,1,0,0,0,0,0,S,
2218,1,0,0,0,0,0,0,0,S,
2219,1,0,0,0,0,0,0,0,S,
2220,1,0,0,0,0,1,0,0,N,
2221,1,0,0,0,0,0,0,0,S,
2222,1,0,0,0,0,1,0,0,N,
2223,1,0,0,0,0,1,0,0,N,
2224,0,1,0,0,0,1,0,0,B,
2225,0,1,0,1,0,0,0,0,B,
2226,0,1,0,1,0,0,0,0,B,
2227,0,1,0,1,0,0,0,0,B,
2228,0,1,0,1,0,0,0,0,B,
2229,0,1,0,1,0,0,0,0,B,
2230,0,1,0,1,0,0,0,0,B,
2231,0,1,0,1,0,0,0,0,B,
2232,0,1,0,1,0,0,0,1,B,
2233,0,1,0,1,0,0,0,0,B,
2234,0,1,0,1,0,0,0,0,B,
2235,0,1,0,1,0,0,0,1,B,
2236,0,1,0,1,0,1,0,0,B,
2237,0,1,0,0,1,0,0,0,N,
2238,0,1,1,0,0,1,0,0,B,
2239,0,1,1,0,0,1,0,0,B,
2240,0,1,1,0,0,0,0,1,B,
2241,1,0,1,0,0,0,0,0,S,
2242,1,0,1,0,0,0,0,0,S,
2243,1,0,1,0,0,0,0,0,S,
2244,1,0,1,0,0,0,0,0,S,
2245,1,0,1,0,0,0,0,0,S,
2246,1,0,1,0,0,1,0,0,N,
2247,1,0,1,0,0,1,0,0,N,
2248,1,0,1,0,1,0,0,0,S,
2249,1,0,1,1,0,1,0,0,N,
2250,0,1,0,1,1,0,0,0,N,
2251,0,1,0,1,1,0,0,0,N,
2252,0,1,0,1,1,0,0,0,N,
2253,0,1,0,1,0,0,0,0,B,
2254,0,1,0,1,0,0,0,0,B,
2255,0,1,0,1,0,0,0,0,B,
2256,0,1,1,1,0,0,0,0,B,
2257,0,1,1,1,0,1,0,0,B,
2258,0,1,1,1,0,0,0,0,B,
2259,0,1,1,1,0,0,0,0,B,
2260,0,1,1,1,0,0,0,0,B,
2261,0,1,1,1,0,0,0,0,B,
2262,0,1,1,0,0,1,0,0,B,
2263,0,1,1,0,1,0,0,0,N,
2264,0,1,1,0,1,0,0,0,N,
2265,0,1,1,0,0,0,0,0,B,
2266,0,1,1,0,0,0,0,0,B,
2267,1,0,1,0,0,0,0,0,S,
2268,1,0,1,0,1,0,0,0,S,
2269,0,1,1,0,0,1,0,0,B,
2270,0,1,1,0,0,1,0,0,B,
2271,0,1,1,0,0,1,0,0,B,
2272,0,1,1,0,0,1,0,0,B,
2273,0,1,1,0,0,1,0,0,B,
2274,1,0,1,0,0,1,0,0,N,
2275,1,0,1,0,0,1,0,0,N,
2276,1,0,1,0,0,1,0,0,N,
2277,1,0,1,0,0,0,0,0,S,
2278,1,0,1,0,0,0,0,0,S,
2279,1,0,1,0,0,0,0,0,S,
2280,1,0,1,0,0,0,0,0,S,
2281,1,0,1,0,0,0,0,0,S,
2282,1,0,1,1,0,1,0,0,N,
2283,1,0,0,0,0,1,0,0,N,
2284,1,0,0,1,0,1,0,0,N,
2285,1,0,0,1,0,1,0,0,N,
2286,1,0,0,0,0,1,0,0,N,
2287,1,0,0,0,0,1,0,0,N,
2288,1,0,0,0,0,1,0,0,N,
2289,1,0,0,0,0,1,0,0,N,
2290,1,0,0,0,0,0,0,0,S,
2291,1,0,0,1,1,0,0,0,S,
2292,0,1,0,1,0,0,0,0,B,
2293,0,1,0,1,0,0,0,0,B,
2294,0,1,0,1,1,0,0,0,N,
2295,0,1,0,1,1,0,0,0,N,
2296,0,1,0,1,0,0,0,0,B,
2297,0,1,0,1,1,0,0,0,N,
2298,0,1,0,1,0,1,0,0,B,
2299,0,1,0,1,0,1,0,0,B,
2300,0,1,0,1,0,0,0,0,B,
2301,0,1,0,1,0,0,0,0,B,
2302,0,1,0,1,0,0,0,0,B,
2303,0,1,0,1,0,0,0,0,B,
2304,0,1,0,1,0,0,0,0,B,
2305,0,1,1,1,0,0,0,0,B,
2306,0,1,1,1,0,0,0,0,B,
2307,1,0,1,1,0,0,0,0,S,
2308,1,0,1,0,0,0,0,0,S,
2309,1,0,1,0,0,0,0,0,S,
2310,1,0,1,0,0,0,0,0,S,
2311,1,0,1,0,0,0,0,0,S,
2312,1,0,1,0,0,0,0,0,S,
2313,1,0,1,0,0,1,0,0,N,
2314,1,0,1,0,0,1,0,0,N,
2315,1,0,0,0,0,1,0,0,N,
2316,1,0,0,0,1,0,0,0,S,
2317,1,0,0,0,1,0,0,0,S,
2318,1,0,0,0,1,0,0,0,S,
2319,1,0,0,0,1,0,0,0,S,
2320,1,0,0,1,0,0,0,0,S,
2321,1,0,0,1,0,0,0,0,S,
2322,1,0,0,1,0,0,0,0,S,
2323,0,1,0,1,0,0,0,0,B,
2324,0,1,0,1,1,0,0,0,N,
2325,0,1,0,1,1,0,0,0,N,
2326,0,1,0,1,0,0,0,0,B,
2327,0,1,0,1,0,0,0,0,B,
2328,0,1,0,1,0,0,0,0,B,
2329,0,1,0,1,0,0,0,0,B,
2330,0,1,0,1,0,0,0,0,B,
2331,0,1,0,1,0,0,0,1,B,
2332,0,1,0,1,0,0,0,1,B,
2333,0,1,0,1,0,0,0,1,B,
2334,0,1,0,1,0,0,0,1,B,
2335,0,1,0,1,0,0,0,1,B,
2336,0,1,0,1,0,1,0,1,B,
2337,0,1,0,1,0,1,0,1,B,
2338,0,1,0,1,0,1,0,1,B,
2339,0,1,0,1,0,1,0,0,B,
2340,0,1,0,1,0,0,0,1,B,
2341,0,1,0,1,0,1,0,0,B,
2342,0,1,0,1,0,1,0,0,B,
2343,0,1,0,1,0,0,0,0,B,
2344,1,0,1,1,0,0,0,0,S,
2345,1,0,1,1,0,0,1,0,S,
2346,0,1,0,1,0,1,0,0,B,
2347,0,1,0,1,0,0,0,0,B,
2348,0,1,0,1,0,0,0,1,B,
2349,0,1,1,1,0,0,1,0,N,
2350,0,1,0,1,0,0,0,1,B,
2351,0,1,1,1,0,1,1,0,B,
2352,0,1,1,0,0,1,0,0,B,
2353,0,1,1,0,0,1,1,0,B,
2354,0,1,1,0,1,0,1,0,S,
2355,0,1,1,0,0,1,1,0,B,
2356,0,1,1,0,0,0,1,0,N,
2357,0,1,1,0,0,0,1,0,N,
2358,0,1,1,0,0,1,1,0,B,
2359,1,0,1,0,0,1,1,0,S,
2360,1,0,1,0,0,1,0,0,N,
2361,1,0,1,0,0,1,0,0,N,
2362,1,0,1,0,0,0,0,0,S,
2363,1,0,1,0,0,1,0,0,N,
2364,1,0,1,0,0,1,0,0,N,
2365,1,0,1,1,1,0,0,0,S,
2366,1,0,1,1,1,0,0,0,S,
2367,1,0,0,1,1,0,0,0,S,
2368,1,0,0,0,1,0,0,0,S,
2369,1,0,0,1,0,1,0,0,N,
2370,1,0,0,1,0,1,0,0,N,
2371,1,0,0,1,0,1,0,0,N,
2372,1,0,0,1,0,1,0,0,N,
2373,0,1,0,1,0,1,0,0,B,
2374,0,1,0,1,0,1,0,0,B,
2375,0,1,0,1,0,1,0,0,B,
2376,0,1,0,0,0,0,0,0,B,
2377,1,0,0,0,0,0,0,0,S,
2378,1,0,0,0,0,0,0,0,S,
2379,1,0,0,0,0,0,0,1,N,
2380,1,0,0,0,0,0,0,1,N,
2381,1,0,0,0,0,0,0,1,N,
2382,1,0,0,1,0,0,0,0,S,
2383,1,0,0,1,0,0,1,0,S,
2384,1,0,0,1,0,0,0,1,N,
2385,1,0,0,1,0,1,1,0,S,
2386,1,0,0,1,0,1,0,0,N,
2387,1,0,0,1,0,1,1,0,S,
2388,1,0,0,1,0,1,0,0,N,
2389,1,0,0,1,0,1,0,0,N,
2390,1,0,0,1,1,0,0,0,S,
2391,1,0,0,1,1,0,0,0,S,
2392,1,0,0,1,1,0,0,0,S,
2393,0,1,0,1,0,0,0,0,B,
2394,0,1,0,1,0,0,0,0,B,
2395,0,1,0,1,1,0,0,0,N,
2396,0,1,0,1,0,1,0,0,B,
2397,0,1,0,1,1,0,0,0,N,
2398,0,1,0,1,0,1,0,0,B,
2399,0,1,0,1,0,1,0,0,B,
2400,0,1,0,1,0,0,0,0,B,
2401,0,1,0,1,0,0,0,1,B,
2402,0,1,0,1,0,0,0,0,B,
2403,0,1,0,1,0,0,0,1,B,
2404,0,1,0,1,0,0,0,1,B,
2405,0,1,0,1,0,0,0,1,B,
2406,0,1,0,0,0,0,0,1,B,
2407,0,1,0,0,0,0,0,1,B,
2408,0,1,0,0,0,0,0,1,B,
2409,0,1,1,0,0,0,0,1,B,
2410,1,0,1,0,0,1,1,0,S,
2411,1,0,1,0,0,1,1,0,S,
2412,1,0,1,0,0,1,0,0,N,
2413,1,0,1,0,0,1,0,0,N,
2414,1,0,1,0,0,1,0,0,N,
2415,1,0,1,1,0,1,0,0,N,
2416,1,0,0,1,0,1,1,0,S,
2417,1,0,0,1,0,1,1,0,S,
2418,1,0,0,1,0,1,1,0,S,
2419,0,1,0,1,0,1,0,0,B,
2420,0,1,0,1,0,1,0,0,B,
2421,0,1,0,1,1,0,0,0,N,
2422,0,1,0,1,1,0,1,0,S,
2423,0,1,0,1,1,0,0,0,N,
2424,0,1,0,1,1,0,1,0,S,
2425,0,1,0,1,0,0,0,0,B,
2426,0,1,0,1,0,0,0,1,B,
2427,0,1,0,1,0,0,0,0,B,
2428,0,1,0,1,0,0,0,1,B,
2429,0,1,0,1,0,0,0,0,B,
2430,0,1,1,0,0,0,0,0,B,
2431,0,1,1,0,0,1,1,0,B,
2432,0,1,1,1,0,1,0,0,B,
2433,0,1,1,1,0,0,1,0,N,
2434,0,1,1,0,0,1,0,0,B,
2435,0,1,1,0,0,0,1,0,N,
2436,1,0,1,0,0,0,1,0,S,
2437,1,0,1,0,0,0,1,0,S,
2438,1,0,1,0,0,0,0,0,S,
2439,1,0,1,0,0,0,0,0,S,
2440,1,0,1,0,0,1,0,0,N,
2441,1,0,1,0,0,1,0,0,N,
2442,1,0,1,0,0,1,0,0,N,
2443,1,0,1,0,0,1,0,0,N,
2444,1,0,1,0,0,1,0,0,N,
2445,1,0,1,0,0,1,0,0,N,
2446,1,0,0,0,1,0,0,0,S,
2447,1,0,0,0,0,1,0,0,N,
2448,1,0,0,0,1,0,0,0,S,
2449,1,0,0,0,1,0,0,0,S,
2450,1,0,0,0,1,0,0,0,S,
2451,1,0,0,0,1,0,0,0,S,
2452,0,1,0,1,1,0,0,0,N,
2453,0,1,0,1,1,0,0,0,N,
2454,0,1,0,1,0,0,0,0,B,
2455,0,1,0,1,0,0,0,0,B,
2456,0,1,0,1,0,0,0,0,B,
2457,0,1,0,1,0,0,0,0,B,
2458,0,1,0,1,0,0,0,0,B,
2459,0,1,0,1,0,0,0,1,B,
2460,1,0,0,1,0,0,0,1,N,
2461,1,0,0,1,0,0,0,1,N,
2462,1,0,0,1,0,0,0,1,N,
2463,1,0,0,1,0,0,0,1,N,
2464,1,0,0,1,0,0,0,0,S,
2465,1,0,0,1,0,1,0,0,N,
2466,1,0,0,1,0,1,1,0,S,
2467,1,0,0,1,0,0,0,0,S,
2468,1,0,0,1,0,1,0,0,N,
2469,1,0,0,1,1,0,0,0,S,
2470,1,0,0,1,0,1,0,0,N,
2471,0,1,0,1,0,1,0,0,B,
2472,0,1,0,1,0,1,0,0,B,
2473,0,1,0,1,0,1,0,0,B,
2474,0,1,0,1,0,0,0,0,B,
2475,0,1,0,1,1,0,0,0,N,
2476,0,1,0,1,0,0,0,1,B,
2477,0,1,0,1,0,0,0,1,B,
2478,0,1,0,1,0,1,0,0,B,
