date,close,volume,open,high,low
,,,,,
16-01-18,225.84,1214,225,229.05,224.9
12-01-18,219.5,613,217.75,221.9,217.75
11-01-18,215.17,8270,211.7,216.4,211.7
10-01-18,216.3,794,214,216.3,211.09
09-01-18,214.78,99,214.95,215,214.78
08-01-18,213.75,1854,212.8,217.2,212.8
05-01-18,215,4155,212.55,216.2,212.55
04-01-18,210.25,164,208.85,210.25,208.8
03-01-18,205.45,237,204.74,207.81,204.74
02-01-18,204.1,552,203.2,204.1,200.15
29-12-17,201.51,330,201.96,201.96,201
28-12-17,202.35,62,202.21,202.35,202.21
27-12-17,204,42,200.15,204,200.15
26-12-17,205.75,585,201.95,205.75,201.95
22-12-17,199.75,408,200.05,203.95,199.75
21-12-17,201,111,202,202,201
20-12-17,202.125,287,204.8,204.8,200.9
19-12-17,206.75,493,204,207.25,204
18-12-17,203.56,631,205,205,203.55
15-12-17,200.95,191,201.1,201.1,197.75
14-12-17,202.5,677,202,203.8,199.1
13-12-17,201.85,429,199.95,201.85,199.5705
12-12-17,200.85,800,199.99,200.85,196.3
11-12-17,200.4,1794,201,202.35,200
08-12-17,200,13,199,201,199
07-12-17,195,68,194.7,198.7,194.7
06-12-17,195,409,197.359,197.55,193.3
05-12-17,200.1,888,198.15,202.25,198.15
04-12-17,203,546,202.5,204.05,200.1
01-12-17,202,403,205.1,205.1,201.75
30-11-17,210,493,206.9,210,206.25
29-11-17,205,1752,203.05,205.65,201.95
28-11-17,201.92,271,201.897,202,201.225
27-11-17,203.1,315,202.7,203.1,199.5
24-11-17,202,505,202,202,202
22-11-17,197.77,838,201.3,201.3,195.9
21-11-17,201.55,859,203.35,203.35,197.9
20-11-17,193.85,2603,195.2,195.775,193.85
17-11-17,190,91,190,190,188.02
16-11-17,190.3,699,188.25,190.3,186.75
15-11-17,186.95,448,185,186.95,182.95
14-11-17,185,10,184.4,185,184.4
13-11-17,187.1,454,181.35,187.1,181.35
10-11-17,183.75,127,186.75,187.75,183.75
09-11-17,186.75,213,186.1,188,186
08-11-17,185.96,955,187.4,189.8,185.95
07-11-17,188,412,191,192.2,188
06-11-17,193.7,80,189.55,193.7,189.55
03-11-17,191,108,195.45,195.45,191
02-11-17,192,366,197,197.65,192
01-11-17,194,1884,190.659,196.8,190.2201
31-10-17,182.18,0,182.18,182.18,182.18
30-10-17,182.18,3348,184.55,186,182.18
27-10-17,178,2778,178,178,178
26-10-17,173.3,653,175.065,176.68,173.3
25-10-17,177,5,174.8,177,174.8
24-10-17,177.73,150,175,177.73,174.15
23-10-17,172.3,25,172.3,172.3,172.3
20-10-17,173.25,19,176.22,176.22,173.25
19-10-17,174,165,173.05,177.55,173.05
18-10-17,177,74,174.338,177,174.3
17-10-17,173.25,183,173.1385,176.7,173.1385
16-10-17,178.22,350,174.592,178.28,174.592
13-10-17,178.42,54,174.85,178.42,174.85
12-10-17,175.3,391,178.88,178.88,175.3
11-10-17,175.3,880,175,177.3005,174.95
10-10-17,172.5,528,174.59,174.9,172.5
09-10-17,174.95,227,174,174.95,174
06-10-17,173,324,171.8,173,171.8
05-10-17,171.0501,140,171.4825,171.4825,171.05
04-10-17,172,484,174.49,174.49,170.45
03-10-17,169.45,505,167.05,170.9,167.05
02-10-17,169.82,1610,169.82,169.82,166.16
29-09-17,171.3,253,167.41,171.3,167.41
28-09-17,168.63,0,168.63,168.63,168.63
27-09-17,168.63,24,168.6,168.63,168.6
26-09-17,172,415,169.915,172.85,169.79
25-09-17,168.6675,222,169.865,171.12,167.8354
22-09-17,170.35,402,171.45,173.95,170.35
21-09-17,170,631,170,171.45,168.05
20-09-17,169.07,1560,167.689,169.98,167.5
19-09-17,168.05,533,169.835,171.22,167.8
18-09-17,170.4775,1289,169.675,170.4775,167.25
15-09-17,167.1,296,168.62,168.62,164.86
14-09-17,164.12,67,168.02,168.02,164.12
13-09-17,168.05,2158,166.137,168.05,164.05
12-09-17,164.89,408,168.82,168.82,164.89
11-09-17,161.56,422,161.75,163.21,161.56
08-09-17,161.75,304,165,165,161.75
07-09-17,161.45,120,161,161.45,160.9
06-09-17,161.1225,2823,160,161.55,159.36
05-09-17,157.15,671,157.19,158.5,156.65
01-09-17,156.968,68,155,157,153.85
31-08-17,155.65,223,151.5445,155.65,151.5445
30-08-17,156.15,570,153.23,156.15,152.75
29-08-17,153.65,190,153.51,153.65,153.51
28-08-17,156.5625,67,156,156.5625,155.0001
25-08-17,154.09,458,155.99,155.99,153.37
24-08-17,156,40,152.675,156,152.35
23-08-17,151.5,185,154.9,154.9,151.25
22-08-17,150.1,113,149.955,153.1363,149.6
21-08-17,151.95,1244,152,153,149.9299
18-08-17,152.1,175,154.13,154.13,152.1
17-08-17,155.73,287,154.175,155.73,152.3
16-08-17,153.45,463,152.944,156.53,152.75
15-08-17,151.95,397,155.355,155.56,151.95
14-08-17,155.714,1033,155.16,155.75,151.8
11-08-17,150.38,10,150.38,150.38,150.38
10-08-17,150.05,442,151,152.23,148.58
09-08-17,152,433,152.8653,152.8653,152
08-08-17,152.75,109,152.85,155,152.75
07-08-17,154,194,156.6,156.6,154
04-08-17,154,337,154.355,156.37,154
03-08-17,157.99,37,154.5554,157.99,154.5554
02-08-17,155.94,155,160.4345,160.4345,155.9154
01-08-17,156.4,75,155.96,156.43,155.96
31-07-17,155,584,155.5,157.98,155
28-07-17,155.83,141,159.03,159.04,155.83
27-07-17,157.7375,380,159.3,159.3,157.12
26-07-17,159.3,375,158.52,160.275,158.52
25-07-17,159.61,427,158.316,159.61,158.04
24-07-17,159.02,1690,159.255,161.07,157.5
21-07-17,163.3,362,166.96,167.0427,163.15
20-07-17,167.35,396,170,171.9,166.7384
19-07-17,166.436,185,166.36,166.436,166.36
18-07-17,166.36,593,165.5677,168,165.5677
17-07-17,166.46,261,166.45,170,166.45
14-07-17,167.03,481,166,167.5,164.88
13-07-17,163.83,498,164,165.4,163.13
12-07-17,163,643,163.05,166.643,162.55
11-07-17,161.15,1141,161.0675,163,160.7666
10-07-17,158.6043,101,160,160,158.6043
07-07-17,160.66,421,157.96,160.66,157.96
06-07-17,161,3568,157.35,161,157.18
05-07-17,156.5,145,154.6923,157.93,154.6923
03-07-17,154.9,30,154.66,154.9,154.66
30-06-17,154.66,0,154.66,154.66,154.66
29-06-17,154.66,30,154.6843,156.7,154.66
28-06-17,157.5775,593,154.8,158.64,154.79
27-06-17,154.27,250,153.81,154.27,153.81
26-06-17,154.75,4001,153.175,154.75,153.175
23-06-17,151.45,287,151.25,155.55,151.25
22-06-17,152.9,153,152.76,153,152.76
21-06-17,149.99,263,152.5,153.35,149.77
20-06-17,150,250,150.09,150.09,150
19-06-17,153.4402,460,150.46,153.91,149.85
16-06-17,153.73,145,150.5545,154.25,150.5545
15-06-17,154.25,10,154.25,154.25,154.25
14-06-17,158,0,158,158,158
13-06-17,158,142,157.68,158,154.7407
12-06-17,156.1275,675,154.24,156.1275,154.12
09-06-17,152.27,278,151.78,155.67,151.77
08-06-17,154,311,154.05,155,154
07-06-17,154,1099,157.0721,157.09,154
06-06-17,155.3289,79,156.92,156.92,155.3
05-06-17,157.95,345,160,160,157.95
02-06-17,159.49,545,161,161,158.15
01-06-17,155.98,160,157.5,157.5,155.98
31-05-17,154.58,1200,158,159,154.58
30-05-17,158.05,1184,158.05,159.962,158.05
26-05-17,157.45,18,157.45,157.45,157.45
25-05-17,162.17,600,159,162.17,159
24-05-17,157.57,164,157,159,157
23-05-17,158.5,79,159.187,162.22,158.5
22-05-17,159,638,161.4,162.55,158.26
19-05-17,159,136,158.1,161.42,158.1
18-05-17,160.71,19,159.36,160.75,159.36
17-05-17,160.43,1642,162.05,162.05,159.15
16-05-17,162.54,540,162.32,165,162.32
15-05-17,160.78,316,161.515,162.85,160.18
12-05-17,159.5,377,158.625,160.085,158.33
11-05-17,158.13,19,158.13,158.13,158.13
10-05-17,160.3601,27,160.34,160.3601,160.34
09-05-17,160.28,58,160.7892,162.6708,160.28
08-05-17,163.68,46,160.22,163.68,160.22
05-05-17,161,205,160.25,164.22,160.25
04-05-17,159.75,147,159.1,159.75,159.1
03-05-17,158.27,49,160.22,160.22,157.77
02-05-17,162.0909,427,161.73,162.0909,159.018
01-05-17,163.81,372,162.725,163.81,161.18
28-04-17,159.7,541,162.54,163.3427,159.65
27-04-17,158.42,377,161.2,161.2,158.42
26-04-17,159.03,3736,160.875,162.89,158.99
25-04-17,162.2,196,160,162.2,159.7745
24-04-17,158.79,2079,158.5,159,157.55
21-04-17,154.485,458,155,155.78,153
20-04-17,153.8715,543,153.2315,156.97,153.2315
19-04-17,154,882,152.95,155.35,152.95
18-04-17,148.683,603,147.53,151,147.01
17-04-17,147.8581,218,147.76,147.8581,143.62
13-04-17,145,758,143,146.29,143
12-04-17,147.55,334,147.24,147.55,145.39
11-04-17,146.95,661,145.31,147.5,145.31
10-04-17,145.05,61,147.08,147.08,145.02
07-04-17,145.02,464,145.57,145.57,145
06-04-17,145,499,145,146.85,145
05-04-17,146.2,344,148.44,148.44,145.59
04-04-17,147.2,1016,147.609,148,147
03-04-17,149.33,768,149.95,150.76,147.53
31-03-17,150.77,1831,149.36,150.77,148.87
30-03-17,149.4233,319,150.5,151.73,148.82
29-03-17,150.8068,103,152.47,152.47,150.8068
28-03-17,151.38,178,150.93,153.33,150.93
27-03-17,149.0224,725,148.98,151.24,148.1
24-03-17,151.46,588,150.25,151.51,149.14
23-03-17,149.14,249,150,150,148.97
22-03-17,150.35,106,147.84,150.68,147.84
21-03-17,149.53,1397,151.19,151.19,146.57
20-03-17,152.17,415,151.235,152.17,150.51
17-03-17,152.12,264,152.73,152.73,151.22
16-03-17,152.5,160,154.87,154.87,152.5
15-03-17,154.45,997,151.1789,154.45,151.1789
14-03-17,152.15,584,153.85,155.96,152.15
13-03-17,153.56,75,153.03,153.5855,153.03
10-03-17,151.46,95,151.16,151.51,151.16
09-03-17,151.16,643,153.55,154,151.1497
08-03-17,152.14,23,152.3,154.46,152.14
07-03-17,153.5,117,152.8803,153.5,152.85
06-03-17,152.4363,403,153.2,154,152.41
03-03-17,154.43,1995,154.1,156,153.88
02-03-17,153.05,442,153.31,156.4,153.05
01-03-17,153.31,100,153.26,153.31,153.26
28-02-17,151.12,281,153.51,153.51,151
27-02-17,154.76,573,153.71,154.76,152
24-02-17,155.7999,438,151.7,155.7999,151.7
23-02-17,156.06,179,155.05,156.71,155
22-02-17,154.7,384,151.815,154.93,150.2911
21-02-17,156.59,504,152.45,156.59,152.45
17-02-17,151.65,96,151.68,154.3,151.65
16-02-17,156.27,208,155.6,156.27,155.58
15-02-17,156.56,453,157.85,159.47,154.81
14-02-17,160.27,256,157.06,160.27,157.06
13-02-17,160.07,1089,156.9,160.12,156.9
10-02-17,157.45,415,157.45,157.45,153.8
09-02-17,152.55,80,151.75,152.55,151.75
08-02-17,152.39,413,154.46,154.46,151.37
07-02-17,155.5,382,156,157.44,155.5
06-02-17,156,690,157,157.4,155.0279
03-02-17,158.4786,631,158.73,162.26,158.45
02-02-17,158.1,206,158.033,158.1,158.033
01-02-17,158.25,37,161.9125,161.9125,158.25
31-01-17,157.9,737,160.6,160.6,157.9
30-01-17,160.48,2205,161.47,161.47,157.46
27-01-17,164.67,1584,164.68,164.68,162
26-01-17,164.6709,730,165.04,167.73,164.12
25-01-17,166.38,982,169.25,169.25,165.85
24-01-17,168.53,1035,164.45,168.53,164.45
23-01-17,165.25,8553,164.51,166.29,164.05
20-01-17,159.8575,306,160.13,160.4,157.55
19-01-17,157.15,923,159.99,159.99,156.51
18-01-17,156.05,353,156.4,158.92,156
17-01-17,159.6,906,158,159.84,156.27
13-01-17,159.3,396,161.5,162.95,158.65
12-01-17,161.5,1957,163.93,163.93,159
11-01-17,163.75,2630,160.245,163.75,157.27
10-01-17,157.45,1973,155,158.23,154.68
09-01-17,154.8,1831,153.06,156,152.992
06-01-17,150.45,121,150.1,152.4,150.1
05-01-17,150.04,211,149.65,152.65,149.59
04-01-17,146.9,335,145.63,150.46,145.63
03-01-17,147.7,1248,148.5,150.48,147.4412
30-12-16,142.9,192,146.95,146.95,142.9
29-12-16,145.54,39,145.72,145.72,145.54
28-12-16,144.62,156,146,146,144.62
27-12-16,145.93,104,145.9,146,145.9
23-12-16,146.52,1640,147.38,148.5,146.52
22-12-16,150.53,1601,150,151.85,148.66
21-12-16,148.44,12192,147.49,150,147.49
20-12-16,145.05,632,144.65,147.9,144.65
19-12-16,144,260,143.8,144,143.8
16-12-16,143.95,248,143.58,146,143.58
15-12-16,142.3,1025,141.88,142.3,141.88
14-12-16,144.2,2246,142.3,145,142.3
13-12-16,143.3,834,144.88,146,143.3
12-12-16,140.87,665,140.67,143.8,140.4
09-12-16,140.56,360,140.6,143.43,140.52
08-12-16,142.8,701,143.896,144,142.56
07-12-16,143.25,2194,141.15,145,141.15
06-12-16,140,440,140.95,140.95,138.34
05-12-16,139.5,824,137.66,139.55,137.58
02-12-16,135.15,581,136,136.92,135
01-12-16,137.39,2244,137.18,137.39,135
30-11-16,137,205,136.3,137.89,136.3
29-11-16,137.05,644,138,138.1,137.05
28-11-16,139.88,594,138.39,140.82,138
25-11-16,142.17,51,140,142.17,140
23-11-16,141.1,1187,136.62,141.1,136.62
22-11-16,137.95,120,139.37,139.37,137.95
21-11-16,136.55,617,137.39,139.38,135.95
18-11-16,135.5,1738,135.77,136.77,135
17-11-16,137.45,536,138.24,138.24,136
16-11-16,137.76,75,137.45,138.46,137.45
15-11-16,137.56,189,138.15,138.15,137.56
14-11-16,139.73,668,139.07,139.73,136.6
11-11-16,140.63,424,138.8,140.63,138.66
10-11-16,139.25,1121,139.49,139.49,137
09-11-16,139.95,1614,137.15,139.95,136
08-11-16,139.05,550,138.58,141.5,138.58
07-11-16,140.745,544,140.25,140.745,139.22
04-11-16,141,917,141.5,141.86,140.5
03-11-16,142.45,192,142.915,142.97,141.55
02-11-16,141.65,185,143.54,145.78,141.65
01-11-16,145.6,1061,149.105,150,145.6
31-10-16,149,1264,148,149,147.04
28-10-16,146.75,1915,146.27,149,146.15
27-10-16,145.68,285,145.67,148,145.67
26-10-16,144.75,245,146.85,147.69,144.75
25-10-16,145.25,593,145.19,147,145.02
24-10-16,145.25,509,145.82,147,145.25
21-10-16,146.54,163,146.16,146.54,143.5001
20-10-16,144.85,60,147.76,147.76,144.85
19-10-16,146.25,160,143.9,146.25,142.99
18-10-16,142.61,57,145.45,145.45,142.61
17-10-16,141.77,154,145.04,145.14,141.77
14-10-16,145.9,0,145.9,145.9,145.9
13-10-16,145.9,423,144,145.9,143
12-10-16,144,192,144.19,145.96,144
11-10-16,144.81,581,145.17,147.78,144.81
10-10-16,149,20418,146.05,149,146.05
07-10-16,147.9999,912,146.12,147.9999,144.62
06-10-16,146.1,371,147,148.8299,146.0301
05-10-16,146.4,861,146.4,147,145.9
04-10-16,144.87,658,145.26,147.2199,144.87
03-10-16,141.2,316,142.59,142.59,141.1
30-09-16,144,1349,143.5,146,142.5
29-09-16,139.72,130,140.8,140.8,139.72
28-09-16,143.5,80,142.79,143.5,140.23
27-09-16,140,2225,139.38,140.18,137.5
26-09-16,144.02,65,142.13,144.02,141.98
23-09-16,145.9,128,143.61,145.9,143.0001
22-09-16,144.7,1331,145.6,148.24,144.7
21-09-16,144.085,141,143,145.92,141.75
20-09-16,143.76,590,144,144,141.2
19-09-16,144.9299,147,143.2,145.43,142.05
16-09-16,144,1137,141.55,144.11,141.06
15-09-16,148.25,206,143.47,148.25,143.47
14-09-16,147.41,275,144.655,147.41,143.84
13-09-16,145.1,250,145.6,147.84,144.65
12-09-16,147.9,699,146.1,148.9,145.11
09-09-16,146.07,402,146.7,148.78,145.75
08-09-16,148.05,1790,148.05,150.45,148
07-09-16,149.55,1467,148.6,150.45,148.27
06-09-16,146.15,169,148.2,148.2,145.92
02-09-16,148.19,531,144.8,148.19,144.6
01-09-16,144,395,146.01,146.01,143.96
31-08-16,144.16,110,145.5001,145.5001,144.1
30-08-16,145.5,1319,144.62,147.17,144.56
29-08-16,144,722,143.63,144.1099,141.45
26-08-16,143.95,1022,145.45,148.64,143.95
25-08-16,142,189,144.75,144.75,142
24-08-16,144.88,1588,145.51,146.52,144.88
23-08-16,145.7,1366,146.05,146.4,145.33
22-08-16,143.45,1327,143.76,145.67,142.52
19-08-16,145.43,316,142.16,146.07,142.16
18-08-16,146.92,150,146.28,146.92,146.28
17-08-16,143.05,359,145.7,145.7,143.05
16-08-16,145.75,340,146.86,148.0001,145.75
15-08-16,149,506,148.24,149.97,148.06
12-08-16,147,1608,146.51,149.28,145.95
11-08-16,148.05,507,148.3,150.87,147.91
10-08-16,147.8,770,147.9,148.09,147.8
09-08-16,147,3160,146.46,147.59,146.35
08-08-16,145.85,1170,145,145.9,143.65
05-08-16,144.3,1105,143.72,145.94,143.72
04-08-16,142.24,216,142.96,145.19,142.24
03-08-16,141,2085,142.16,142.16,139.91
02-08-16,142,1065,141.21,144.05,141.21
01-08-16,145.5,324,146.05,148.53,145.29
29-07-16,146.3,335,145.66,149.43,145.66
28-07-16,147.91,371,149.85,149.85,144.5
27-07-16,148.39,960,150,151.01,148.2
26-07-16,144.23,438,146,147,143.95
25-07-16,143.05,517,143.25,146,143
22-07-16,143.055,2522,144.95,144.95,141.25
21-07-16,142.41,517,145.4,147.25,142.41
20-07-16,143,1268,143.8,146,142.5
19-07-16,138.42,2036,141.05,142.7,138.41
18-07-16,140.6,103,142.85,143.7,139.15
15-07-16,139.35,452,138.45,143.33,138.45
14-07-16,140.4,1682,141.7,143.21,140.1
13-07-16,138.3,2650,143,143,138.3
12-07-16,142,424,140.35,142,139.4
11-07-16,137.98,949,135.85,138.13,134.61
08-07-16,133.05,1256,133.9,136.85,133.05
07-07-16,131.65,1569,132,132,128.5
06-07-16,132.6,1345,132.85,133.42,129
05-07-16,133.87,1721,135.1,135.1,133
01-07-16,141.25,3809,138.3,142.65,138.3
30-06-16,137.4,2553,135.35,137.5,133
29-06-16,135.325,1029,137.8,138.5,132.35
28-06-16,140.25,3130,138,140.3,136.99
27-06-16,134.48,3761,137.75,138,129.8
24-06-16,145.08,4726,138.42,145.08,138
23-06-16,153.7,2249,150.55,153.7,150.55
22-06-16,148,165,148.65,151.05,146.96
21-06-16,147.9,350,152,152,147.6
20-06-16,151.55,1970,151.95,155,150.15
17-06-16,144.45,66,147.65,147.65,144.45
16-06-16,141.2,918,142.28,143.7,139
15-06-16,146.36,350,145.5,146.99,145.5
14-06-16,145.51,1822,142,146.85,140.5
13-06-16,146.85,1509,143.53,147.3,143.53
10-06-16,147.3,1139,150.95,152,147.3
09-06-16,153,1202,152.8,153,149.55
08-06-16,156.5,344,158.75,158.75,154.55
07-06-16,158.8,3148,156.8,158.8,156.6
06-06-16,156.96,385,157.8,158,154.25
03-06-16,153.15,611,156.6,157,151.75
02-06-16,156.5,915,154.25,156.5,154.25
01-06-16,151.75,41,154.3,154.3,151.75
31-05-16,155.95,1268,154.85,158,153.25
27-05-16,157.33,332,156.76,157.33,156.5
26-05-16,157.95,489,155,158.35,154.15
25-05-16,152.85,167,152.5501,155,152.5501
24-05-16,153.1,2190,149.4501,153.3,149.4501
23-05-16,150.285,439,148.3,151.97,148.3
20-05-16,151.4625,233,153.67,153.67,151.4625
19-05-16,150.1,155,154.33,154.33,149.55
18-05-16,149.23,1211,151.14,153.35,148.1
17-05-16,148.4,670,149.2,152.33,148.2
16-05-16,152.89,918,151.95,153,151.95
13-05-16,153.98,596,155.5699,155.5699,151.4
12-05-16,156.2,100,156.2,156.2,156.2
11-05-16,156.375,833,158.64,159.75,155.4
10-05-16,157.5001,798,156.05,160.13,156.05
09-05-16,152.95,180,154.235,156.02,150.82
06-05-16,152.35,859,150,152.35,148.4
05-05-16,150.1,1147,149.28,150.1,145.8
04-05-16,153.35,184,153.69,153.69,151
03-05-16,155,578,155.025,156.85,152
02-05-16,159.75,1092,156.7,159.75,156.05
29-04-16,159.05,1061,158.5,160.92,156.7
28-04-16,158.2,1489,157.5,161,157.5
27-04-16,160,5447,157.75,162.3,157.7
26-04-16,155.95,1181,153.25,156,152.55
25-04-16,153.66,517,152,153.66,149.65
22-04-16,152,982,152.53,156.8,148.85
21-04-16,156.375,3726,156.6,160.25,153.1
20-04-16,152.16,4902,152.4,154.98,150.25
19-04-16,144.65,1630,145,146,143.91
18-04-16,141.5,1216,140,143.95,140
15-04-16,141,1486,144.47,144.47,138.9
14-04-16,142.45,570,141.9,144,141
13-04-16,140.49,1926,140.85,144,140.3
12-04-16,136.8,297,137.3,140.4,135.9
11-04-16,137.88,384,140.4,140.4,136.9
08-04-16,139.45,539,137,139.65,135.35
07-04-16,137,920,135.35,137,135
06-04-16,139.05,507,136.33,139.05,134
05-04-16,138.05,3774,136.96,138.1,133.56
04-04-16,139.38,646,139.33,141.61,138.1
01-04-16,139.33,910,139.65,143.26,139.23
31-03-16,143.05,520,145.35,145.35,143.05
30-03-16,145.35,2923,144.1,147.5,144.1
29-03-16,141.25,3839,141.4195,141.4195,140
28-03-16,141.974,257,142.495,145,141.44
24-03-16,142.9999,598,143.2375,144.35,141.69
23-03-16,147.06,94,147.25,147.25,143.5
22-03-16,147.59,3214,145.45,149.25,145.45
21-03-16,144.5275,573,149.01,149.01,143.6
18-03-16,147.8,1021,145.6,147.81,144.5
17-03-16,142.75,0,142.75,142.75,142.75
16-03-16,142.75,584,142.44,146.51,142.44
15-03-16,141.1,660,142.95,144.65,139.23
14-03-16,142.1,1661,144.48,148.53,141.9
11-03-16,143.7101,983,142.26,147.51,142.26
10-03-16,145.25,533,140.9,145.25,140.9
09-03-16,143.5,97,140.95,143.97,140.95
08-03-16,139.75,2180,147,147.61,139.23
07-03-16,147.09,4071,145.04,149.95,145.04
04-03-16,150.6,1626,150.53,153.77,150.41
03-03-16,149,879,146.03,149,146.03
02-03-16,146.09,2000,142.4,146.09,142.4
01-03-16,142.21,2090,140.82,142.71,139.87
29-02-16,137.5685,1865,137.39,138.11,137.39
26-02-16,132,198,134.18,134.18,130.9
25-02-16,130.55,611,130,131.11,127.06
24-02-16,131,1737,127.19,131,126
23-02-16,134.8999,712,135.08,135.31,131.29
22-02-16,136.05,370,134.38,136.58,134.38
19-02-16,131.5,2568,131.6,134.89,131.33
18-02-16,137.2,1649,141.545,141.545,136.66
17-02-16,135.5,4710,135,137.55,134.269
16-02-16,130.6,3083,129.53,132.85,129
12-02-16,123,1141,123.23,125.8,122.5
11-02-16,122.7101,1101,124.15,126.8,122.65
10-02-16,125,1394,123.955,126.91,123.955
09-02-16,125.61,3395,123.94,125.61,121.75
08-02-16,124.75,4545,126.245,127.7,124.75
05-02-16,132,2233,132.1,135,131.81
04-02-16,130.31,684,126.472,130.31,126.472
03-02-16,129.7,2534,126.83,129.7,125.229
02-02-16,128.21,4008,130.45,130.45,128
01-02-16,131.7,1196,130.1,131.7,129.19
29-01-16,131.8,3453,129.96,132.93,129.96
28-01-16,132.25,335,133.97,136.26,131.55
27-01-16,136.7,1171,135.783,136.7,132.8
26-01-16,137,1249,136.27,137.44,134.14
25-01-16,132.42,466,135.12,135.12,132.04
22-01-16,135.84,24494,136.44,137.48,134.55
21-01-16,134.5,1836,130.225,134.5499,129.06
20-01-16,131.21,3406,129.65,131.21,125
19-01-16,131.3,1610,133.09,134.4499,131.3
15-01-16,133.5,2818,134.25,134.25,130.01
14-01-16,139.4,4751,139.25,140.91,135.45
13-01-16,139.25,1349,141.64,143.99,139.21
12-01-16,139,4413,141.836,142.12,136.745
11-01-16,139.85,1286,141.207,142.2,137.2
08-01-16,136.225,2556,136.52,138.93,135
07-01-16,134.718,5622,132.6,135.15,132.6
06-01-16,141.14,2502,137.915,141.35,136.4
05-01-16,141.25,6578,143.08,143.08,138.88
04-01-16,149.975,19080,150,151.49,148
31-12-15,157.55,4301,154.05,157.55,154.05
30-12-15,155,1333,156.75,160,154.05
29-12-15,158.85,1507,157.365,158.85,155.35
28-12-15,158.275,1187,155.8,158.91,155.2
24-12-15,156,10796,154.95,159.05,154.9
23-12-15,154.72,1137,156.285,157.63,154.07
22-12-15,156.325,3977,152.83,156.55,152.83
21-12-15,152.5,1871,154.23,154.46,152
18-12-15,151.8035,1256,151.625,153.5,149.8
17-12-15,151.4,613,153.18,153.18,149.18
16-12-15,151.5,2361,147.02,152.8,146.1
15-12-15,145.79,10409,145.4,148.35,145.34
14-12-15,147.5,1978,150.51,150.51,143.71
11-12-15,150.75,2078,152.92,152.93,150
10-12-15,154,3084,154.95,155.35,151.44
09-12-15,153.48,6395,153,155,151.66
08-12-15,144.75,822,141.6,146.9,141.6
07-12-15,147.45,8583,151.1,151.1,146.82
04-12-15,149.0175,8291,152.6,152.6,147.95
03-12-15,147.96,17204,149.25,153,145.82
02-12-15,145.957,2285,142.595,147.49,141.42
01-12-15,149,10516,153.685,154.46,143.51
30-11-15,149.5,7716,146.85,150.3,146.3
27-11-15,140.45,1306,141.855,143.72,140.1
25-11-15,141.2,5690,138,143.5495,137
24-11-15,137.4675,4411,136.5,138,133.3
23-11-15,131.53,946,130.705,135.75,129.15
20-11-15,130.51,2030,135.4,135.8,129.5
19-11-15,136,13011,129.4,136.82,129.35
18-11-15,129.95,2300,129.46,130,126.35
17-11-15,125.1,4028,126.01,126.25,123.39
16-11-15,126.95,2542,126.59,127.96,125
13-11-15,128.08,1978,130,130.12,125.9799
12-11-15,126.5,2079,126.43,127.6,125
11-11-15,127.35,1444,130,130,126.2
10-11-15,130.25,1295,129.68,130.25,127
09-11-15,131.65,1418,130.27,131.89,128.65
06-11-15,129.95,1425,132.82,133.1,129.95
05-11-15,132.5001,3561,132.39,132.95,130
04-11-15,129.95,6750,130.84,130.84,127.1
03-11-15,128.45,7592,134.05,137.05,127.1
02-11-15,136,4696,140,141.4,135
30-10-15,140,3735,140,140.66,137.72
29-10-15,138.5,9250,137,138.5,135.65
28-10-15,139,3451,137.34,139.4,135
27-10-15,136,2725,136.88,137.15,134.01
26-10-15,138.7,2874,139.16,140,136.31
23-10-15,136.48,2711,138.905,140.34,134.65
22-10-15,138.85,2858,137.09,140.05,134
21-10-15,136.9725,5250,136.98,138,134
20-10-15,133.15,4678,132.2,133.19,130
19-10-15,133.91,7725,136.07,136.3299,131.37
16-10-15,137.05,7242,140,140.0899,136.5
15-10-15,140.985,11204,146.3,146.4,140
14-10-15,146.5,6241,151.46,151.46,144
13-10-15,145.05,12960,144.92,150.21,142.21
12-10-15,151.4,17797,151.83,153.36,147.65
09-10-15,140.6,21959,145.59,149.38,140.15
08-10-15,133.28,21307,131.71,133.28,128.75
07-10-15,133.2499,23774,130,134.53,125.95
06-10-15,121.95,10567,118.91,122.35,117
05-10-15,116.525,11221,113.69,117.38,113.69
02-10-15,115.5,11443,115.01,115.5,113
01-10-15,118.8,5952,119.68,119.84,117
30-09-15,120.219,7855,118.03,120.339,116.05
29-09-15,117.05,20864,118.095,119.15,116.15
28-09-15,120,21509,119.075,121.24,116.8
25-09-15,128.9,41857,130.96,130.96,125.5
24-09-15,136.85,29940,134.905,136.85,132.05
23-09-15,136.75,45179,134.77,138.7,130.44
22-09-15,127.55,42613,121.775,129.6,120.16
21-09-15,151.28,20900,149.875,152.4,147.32
18-09-15,181.1725,209,185.6,186.55,180.55
17-09-15,187.55,0,187.55,187.55,187.55
16-09-15,187.55,2,187.55,187.55,187.55
15-09-15,185.15,0,185.15,185.15,185.15
14-09-15,185.15,9,185.15,185.15,185.15
11-09-15,189.5,0,189.5,189.5,189.5
10-09-15,189.5,0,189.5,189.5,189.5
09-09-15,189.5,10,189.5,189.5,189.5
08-09-15,180.7,0,180.7,180.7,180.7
04-09-15,180.7,51,177.2,180.7,177.19
03-09-15,183.7,295,180.1,183.95,180.1
02-09-15,181,408,182.5,182.5,181
01-09-15,183.15,182,184.3,184.95,182.85
31-08-15,185,348,189,189,185
28-08-15,189.59,159,190.41,191.95,189.59
27-08-15,190.4,1363,194,194,190.4
26-08-15,189.59,0,189.59,189.59,189.59
25-08-15,189.59,99,192.1,195.65,189.59
24-08-15,185.6,2667,180.3,188.8,179
21-08-15,187.125,430,190.9,190.9,185
20-08-15,189.5,1844,191.55,191.55,187.65
19-08-15,191.8,64,191.8,192,191.8
18-08-15,191.3625,351,191.5,191.5,191.3625
17-08-15,198.75,15,198.55,198.75,198.55
14-08-15,202.75,0,202.75,202.75,202.75
13-08-15,202.75,0,202.75,202.75,202.75
12-08-15,202.75,83,201.25,202.75,200
11-08-15,207.7,2,207.65,207.7,207.65
10-08-15,209.05,50,209.05,209.05,209.05
07-08-15,211.1,1449,209.3,211.1,209.3
06-08-15,208.9125,4,208.9125,208.9125,208.9125
05-08-15,208.6,7904,207.05,208.6,207.05
04-08-15,204.25,105,200.55,204.25,200.55
03-08-15,204.75,1500,204.75,204.75,204.75
31-07-15,201.096,65,204.85,204.85,201.096
30-07-15,204.89,0,204.89,204.89,204.89
29-07-15,204.89,420,206.01,206.01,203.55
28-07-15,212.7,324,210.14,212.7,209.4855
27-07-15,207.3,108,208.35,208.35,207.3
24-07-15,210,51,208.25,210,208.25
23-07-15,220,0,220,220,220
22-07-15,220,0,220,220,220
21-07-15,220,0,220,220,220
20-07-15,220,10,220,220,220
17-07-15,221.71,54,223.7,223.8,221.71
16-07-15,219.65,10,219.65,219.65,219.65
15-07-15,221.45,0,221.45,221.45,221.45
14-07-15,221.45,605,221.82,221.82,221.45
13-07-15,228,120,229.1199,229.1199,228
10-07-15,222.85,0,222.85,222.85,222.85
09-07-15,222.85,110,223.62,223.62,222.85
08-07-15,220.1,502,220.25,220.25,220.1
07-07-15,225.2,98,224.09,225.2,223.67
06-07-15,231.75,208,232.23,232.65,227.95
02-07-15,236.8,22,235.2,236.8,235.2
01-07-15,235.2,120,235.2,235.2,235.2
30-06-15,229.28,2,233.61,233.61,229.28
29-06-15,234.85,62,232.25,235.95,231.89
26-06-15,244.22,2,244.22,244.22,244.22
25-06-15,242.75,0,242.75,242.75,242.75
24-06-15,242.75,10,242.75,242.75,242.75
23-06-15,245.55,302,245.5999,245.5999,245.55
22-06-15,242.85,127,242.85,242.85,242.85
19-06-15,233.6,0,233.6,233.6,233.6
18-06-15,233.6,218,230.605,233.8725,230.605
17-06-15,231.75,0,231.75,231.75,231.75
16-06-15,231.75,2,231.75,231.75,231.75
15-06-15,235.05,62,233.345,235.05,230.1
12-06-15,240.55,40,235.62,240.55,235.62
11-06-15,243.4,12,244.99,244.99,243.4
10-06-15,242.55,383,239.95,242.55,239.5
09-06-15,233.32,56,234.96,234.96,233.32
08-06-15,236,38,236,236,236
05-06-15,242.5,0,242.5,242.5,242.5
04-06-15,242.5,4,242.5,242.5,242.5
03-06-15,242.55,6,242.55,242.55,242.55
02-06-15,240.9999,45,240,240.9999,240
01-06-15,242,326,240.3,242.009,240.3
29-05-15,240,56,246,246,240
28-05-15,247.15,271,246.93,247.15,246
27-05-15,250.86,24,246.24,250.86,246.24
26-05-15,247.36,158,245.87,247.61,244.294
22-05-15,258.8087,0,258.8087,258.8087,258.8087
21-05-15,258.8087,0,258.8087,258.8087,258.8087
20-05-15,258.8087,12,258.8087,258.8087,258.8087
19-05-15,250.55,0,250.55,250.55,250.55
18-05-15,250.55,95,250.16,252,250.16
15-05-15,247.11,0,247.11,247.11,247.11
14-05-15,247.11,0,247.11,247.11,247.11
13-05-15,247.11,0,247.11,247.11,247.11
12-05-15,247.11,57,248.84,248.84,247.11
11-05-15,251.95,83,249.07,252,249.07
08-05-15,250.75,70,249.07,250.75,249.05
07-05-15,254.6,0,254.6,254.6,254.6
06-05-15,254.6,0,254.6,254.6,254.6
05-05-15,254.6,63,255.64,255.64,253.95
04-05-15,251.29,20,251.29,251.29,251.29
01-05-15,255.2,0,255.2,255.2,255.2
30-04-15,255.2,110,255.3,255.3,254
29-04-15,256.25,159,255.25,256.25,255.25
28-04-15,260.5,168,262.4,262.55,260.5
27-04-15,264.05,34,260.7,264.05,260.7
24-04-15,250.05,100,250.05,250.05,250.05
23-04-15,246.76,56,243.8,246.76,243.8
22-04-15,243.15,55,242.95,243.15,242.8
21-04-15,245.75,0,245.75,245.75,245.75
20-04-15,245.75,84,246.55,246.55,245.7
17-04-15,248.1,201,250.6,250.6,246.9455
16-04-15,251.75,43,251.8,251.8,251.5
15-04-15,252.75,130,250.65,252.75,250.65
14-04-15,252.75,98,255.95,255.95,252.75
13-04-15,255.56,78,256.35,256.4,255.35
10-04-15,259,0,259,259,259
09-04-15,259,200,259,259,259
08-04-15,258.64,62,258.55,259,258.55
07-04-15,257.2,110,259.25,259.25,257.15
06-04-15,261.61,21,261.65,261.65,261.61
02-04-15,258.28,50,258,258.28,258
01-04-15,258.6,41,256,258.6,256
31-03-15,259.55,53,259,259.55,258.85
30-03-15,259.25,400,259.05,259.25,259.05
27-03-15,258.3125,50,256.85,258.6,256.85
26-03-15,254.95,27,256,256,254.95
25-03-15,256.378,115,259.6,259.6,256.378
24-03-15,254.77,0,254.77,254.77,254.77
23-03-15,254.77,16,254.77,254.77,254.77
20-03-15,254.05,0,254.05,254.05,254.05
19-03-15,254.05,48,256.3,256.3,254.05
18-03-15,258.5,100,255.65,258.5,255.65
17-03-15,262.5,40,262.5,262.5,262.5
16-03-15,263.95,416,259.75,263.95,259.75
13-03-15,254.1,40,251.05,254.1,251.05
12-03-15,251.54,36,251.2,251.54,251.2
11-03-15,251,5,251,251,251
10-03-15,243.25,7,243.45,243.45,243.25
09-03-15,247.7,0,247.7,247.7,247.7
06-03-15,247.7,8,247.7,247.7,247.7
05-03-15,246.35,0,246.35,246.35,246.35
04-03-15,246.35,89,243.45,246.35,243.45
03-03-15,247.2,10,247.85,247.85,247.2
02-03-15,250.75,45,250.6,250.75,250.6
27-02-15,240,25,240.9999,240.9999,240
26-02-15,247.15,0,247.15,247.15,247.15
25-02-15,247.15,140,246.05,248.9275,246.05
24-02-15,253.39,0,253.39,253.39,253.39
23-02-15,253.39,100,253.34,253.39,253.34
20-02-15,249.55,241,247.5,250.2,247.5
19-02-15,240.05,0,240.05,240.05,240.05
18-02-15,240.05,38793,242.95,242.95,240
17-02-15,238.6,902,238.488,238.6,238.15
13-02-15,237.21,43,240,240,237.21
12-02-15,240.15,467,240,240.211,240
11-02-15,233.8,0,233.8,233.8,233.8
10-02-15,233.8,17,232.8501,233.8,232.8501
09-02-15,231.65,230,233.15,233.15,231.35
06-02-15,235.75,0,235.75,235.75,235.75
05-02-15,235.75,0,235.75,235.75,235.75
04-02-15,235.75,228,236.65,238.7,235.75
03-02-15,239.48,390,236.75,239.48,235.3
02-02-15,228.685,119,227.1,229.95,227.1
30-01-15,225.291,125,226.1,226.1,225.291
29-01-15,229,195,228.85,229.79,228.65
28-01-15,227.65,229,228.5,229.15,227.65
27-01-15,229.85,267,227,229.85,226.8
26-01-15,229,272,227.73,229,227.45
23-01-15,225.75,267,223.45,226.45,223.45
22-01-15,222.95,20,222.95,222.95,222.95
21-01-15,221.91,65,219.3499,221.91,219.3499
20-01-15,220.1,131,218,220.2,218
16-01-15,219.45,46,219.45,219.45,219.45
15-01-15,214.49,7,214.49,214.49,214.49
14-01-15,215.95,72,215.9,215.95,214.74
13-01-15,214.35,165,214.65,214.65,214.35
12-01-15,211.9,31,209.85,211.9,209.85
09-01-15,211.9,1322,211.9,211.9,211.9
08-01-15,216.7,114,216.7,216.7,216.7
07-01-15,208,118,208.05,208.05,208
06-01-15,207.69,3,207.69,207.69,207.69
05-01-15,207.92,509,207.5,207.92,206.9
02-01-15,214.9,56,215,215,214.9
31-12-14,216.39,17,220.6,220.6,216.39
30-12-14,221.2,301,221.2,221.2,218.87
29-12-14,219.87,51,223.6,223.6,219.87
26-12-14,219.61,200,219.61,219.61,219.61
24-12-14,222.35,0,222.35,222.35,222.35
23-12-14,222.35,45,222.9,222.9,222.35
22-12-14,222.9,263,222.5,223.2,220.75
19-12-14,224.52,29,223.7001,224.52,223.7001
18-12-14,221.75,50,221.15,222.65,221.15
17-12-14,220.4,3297,221.06,221.06,220.4
16-12-14,219.3501,511,215.0501,219.3501,215.05
15-12-14,214,44,221.291,222.5999,213.967
12-12-14,221.11,701,226.05,226.05,221.06
11-12-14,228.2,23,225.9,228.2,225.8
10-12-14,223.9,151,225.8501,225.8501,223.55
09-12-14,222.8,115,226.25,226.45,222.8
08-12-14,227.15,56,227.15,227.4,227.15
05-12-14,229.2,45,225.46,229.2,225.46
04-12-14,223.05,102,225.35,225.45,223.05
03-12-14,226.45,0,226.45,226.45,226.45
02-12-14,226.45,27,224.55,226.45,224.55
01-12-14,228.9,166,228.25,228.9,228.25
28-11-14,223.95,50,225.4501,225.4501,223.95
26-11-14,218.85,0,218.85,218.85,218.85
25-11-14,218.85,0,218.85,218.85,218.85
24-11-14,218.85,0,218.85,218.85,218.85
21-11-14,218.85,146,218.8499,218.85,218.05
20-11-14,218.1125,50,218.1125,218.1125,218.1125
19-11-14,215.3,5,215.3,215.3,215.3
18-11-14,219.15,74,219.2,219.2,219.15
17-11-14,210,96,210,210,210
14-11-14,209.89,81,209.79,209.89,209.79
13-11-14,210.75,107,210.75,210.75,210.75
12-11-14,208.45,20,208.4,210.2,208.4
11-11-14,214.45,40,214.45,214.45,214.45
10-11-14,215.1,10,215.1,215.1,215.1
07-11-14,212.125,73,212.75,212.9,212.125
06-11-14,215.7,0,215.7,215.7,215.7
05-11-14,215.7,45,216.4,216.4,215.7
04-11-14,213.85,115,213.7,213.98,213.45
03-11-14,213.6999,411,214,214,213.6999
31-10-14,213.05,659,212.55,213.45,212.55
30-10-14,209.95,105,208.75,209.95,208.75
29-10-14,209,43,209,209,209
28-10-14,206.95,39,206.95,206.95,206.95
27-10-14,203,117,203.225,204.15,203
24-10-14,204.25,0,204.25,204.25,204.25
23-10-14,204.25,0,204.25,204.25,204.25
22-10-14,204.25,124,205.09,205.09,204.25
21-10-14,204.425,308,204.425,204.425,204.425
20-10-14,201.2,671,201.5,202.5,199.9
17-10-14,208.2,17,208.2,208.2,208.2
16-10-14,199.1,220,196.2125,199.1,196.2125
15-10-14,193.45,197,192.45,193.45,191.8001
14-10-14,197.72,606,196.4,197.72,196.4
13-10-14,192.01,314,193.35,193.35,192.01
10-10-14,192.05,474,191.75,193.75,188.85
09-10-14,195.511,65,196.95,197.45,195.511
08-10-14,197.45,578,197.0925,197.7,197.0925
07-10-14,199.2,16,199.45,199.45,199.15
06-10-14,198.55,31,199,199,197
03-10-14,199.25,576,198.9,199.25,197.05
02-10-14,201.5,116,200.3,201.65,199
01-10-14,202.05,92,202.55,202.85,199.39
30-09-14,208.15,43,204.95,209.05,204.95
29-09-14,210,3,210,210,210
26-09-14,210.8,125,210.7501,210.8,210.7501
25-09-14,212.3,30,212.01,212.35,211.2
24-09-14,217.65,116,217.85,217.85,217.65
23-09-14,215.9001,72,219.0999,219.1,215.9001
22-09-14,223.1,55,221.9,223.1,221.9
19-09-14,224.95,7,225.25,225.25,224.95
18-09-14,225.05,7575,225.09,225.1,225.05
17-09-14,224,110,226,226.5,224
16-09-14,226.7,182,224.4,226.7001,224.4
15-09-14,226.05,55,226.05,226.05,226.05
12-09-14,226.25,10,226.25,226.25,226.25
11-09-14,227.45,157,227.45,227.45,227.45
10-09-14,225.8,17,225.7999,225.8,225.7999
09-09-14,229.45,2739,225.85,229.45,225.85
08-09-14,229.4,57,230.3,231.45,228.17
05-09-14,231.7245,471,232.8,233.91,231.1
04-09-14,229.4,77,229.4,229.4,229.4
03-09-14,229.2,29,228.6,229.2,228.6
02-09-14,224.05,199,226.85,226.85,224.05
29-08-14,224.6,12,223.85,224.6,223.85
28-08-14,226.45,4,226.05,226.45,226.05
27-08-14,230.75,101,230.1,230.75,230.1
26-08-14,230.1,136,229.9,230.85,229.9
25-08-14,229.75,148,229.6,230.1,229.6
22-08-14,228.7,3723,229.5,229.5,228.7
21-08-14,227.75,0,227.75,227.75,227.75
20-08-14,227.75,129,225.75,227.75,225.75
19-08-14,227.295,63,227.295,227.295,227.295
18-08-14,221.9,0,221.9,221.9,221.9
15-08-14,221.9,26,219.85,224.18,219.85
14-08-14,224.5,0,224.5,224.5,224.5
13-08-14,224.5,27,226.25,226.25,224.5
12-08-14,223,451,223.4,223.4,222.25
11-08-14,225.3,23,225.7,225.7,225.3
08-08-14,221.2,0,221.2,221.2,221.2
07-08-14,221.2,0,221.2,221.2,221.2
06-08-14,221.2,102,219.01,221.2,219.01
05-08-14,225,74,225.55,225.55,225
04-08-14,227.73,0,227.73,227.73,227.73
01-08-14,227.73,110,227.73,227.73,227.73
31-07-14,232.6,150,232.6,232.6,232.6
30-07-14,233.8,425,235.9825,235.9825,233.1525
29-07-14,236.6925,5,236.6925,236.6925,236.6925
28-07-14,237.5,80,235.3375,237.5,235.3375
25-07-14,242.65,2166,242.8,242.8,242.35
24-07-14,245.3,3,245.3,245.3,245.3
23-07-14,246.05,93,246.395,246.395,246.05
22-07-14,246,294,245,246.45,244.51
21-07-14,245.75,106,245,245.75,245
18-07-14,248.98,12,248.98,248.98,248.98
17-07-14,256.3,0,256.3,256.3,256.3
16-07-14,256.3,38,256.95,256.95,256.3
15-07-14,254.25,0,254.25,254.25,254.25
14-07-14,254.25,82,254.5,254.5,254.25
11-07-14,252.25,145,251.84,252.25,251.84
10-07-14,249.4,0,249.4,249.4,249.4
09-07-14,249.4,25,252.33,252.33,249.4
08-07-14,261.15,0,261.15,261.15,261.15
07-07-14,261.15,0,261.15,261.15,261.15
03-07-14,261.15,29,261.15,261.15,261.15
02-07-14,259.1,0,259.1,259.1,259.1
01-07-14,259.1,32,259.7,259.7,259.1
30-06-14,258.1,0,258.1,258.1,258.1
27-06-14,258.1,285,257.22,258.1,257.22
26-06-14,259.15,3186,255.7,259.15,255.7
25-06-14,258.73,312,257.75,260.15,257.75
24-06-14,262.4,227,262.6,262.6,262.4
23-06-14,264.05,29,263.7,264.05,261.9
20-06-14,263.6,50,263.6,263.6,263.6
19-06-14,262.1,0,262.1,262.1,262.1
18-06-14,262.1,609,263.95,263.95,262.1
17-06-14,261.15,21,262.8,262.8,261.15
16-06-14,260.9,3,260.9,260.9,260.9
13-06-14,259.85,96,263.4499,263.4499,259.85
12-06-14,262.95,100,263.5,263.5,262.95
11-06-14,263.1,79,263.15,263.15,263.1
10-06-14,263.5,37,263.35,263.5,263.35
09-06-14,263.95,4,263.95,263.95,263.95
06-06-14,264.4,22,264.4,264.4,264.4
05-06-14,261.75,38,261.75,261.75,261.75
04-06-14,258.75,38,258.7501,258.7501,258.75
03-06-14,264.55,77,266.0225,266.0225,264.5
02-06-14,266.15,55,266.15,266.15,266.15
30-05-14,262.35,50,262.35,262.35,262.35
29-05-14,263.8,18,263.8,263.8,263.8
28-05-14,261.85,17,261.9001,261.9001,261.85
27-05-14,260.1,0,260.1,260.1,260.1
23-05-14,260.1,0,260.1,260.1,260.1
22-05-14,260.1,59,260.1,260.1,260.1
21-05-14,259.25,0,259.25,259.25,259.25
20-05-14,259.25,344,259.25,259.25,259.25
19-05-14,253.6625,0,253.6625,253.6625,253.6625
16-05-14,253.6625,0,253.6625,253.6625,253.6625
15-05-14,253.6625,48,253.72,253.72,253.6625
14-05-14,256,0,256,256,256
13-05-14,256,4,256,256,256
12-05-14,260.05,109,259.7,260.72,259.7
09-05-14,260.7,0,260.7,260.7,260.7
08-05-14,260.7,17,260.65,260.7,260.65
07-05-14,258.7,1,258.7,258.7,258.7
06-05-14,258.7475,78,261,261,258.7475
05-05-14,263.2,28,263.2,263.2,263.2
02-05-14,268.1,0,268.1,268.1,268.1
01-05-14,268.1,159,265.9,268.1,265.9
30-04-14,268.4,105,268.4,268.4,268.4
29-04-14,264.35,0,264.35,264.35,264.35
28-04-14,264.35,31,264.35,264.35,264.35
25-04-14,263.35,120,263.35,263.35,263.35
24-04-14,262.05,241,262.05,262.05,262.05
23-04-14,268.1,0,268.1,268.1,268.1
22-04-14,268.1,66,270.89,270.89,268.1
21-04-14,266.68,55,266.6,266.68,266.6
17-04-14,265.05,0,265.05,265.05,265.05
16-04-14,265.05,20,261.2,265.05,261.2
15-04-14,261.65,0,261.65,261.65,261.65
14-04-14,261.65,27,261.65,261.65,261.65
11-04-14,262.4,488,263.5,266.25,262.4
10-04-14,268.1,150,267.22,268.1,267.22
09-04-14,268.7,51,263.8,268.7,263.8
08-04-14,256.8,487,254.7,256.8,254.05
07-04-14,255.2,43,254.795,256.6,254.795
04-04-14,257.4,15,256.7999,257.4,256.7999
03-04-14,255.65,184,255.7,256,255.65
02-04-14,256.3,2,256.45,256.45,256.3
01-04-14,257.25,23,255.2,257.3,255.2
31-03-14,255.49,103,255.2,255.49,252.65
28-03-14,254.3,250,254.3,254.3,254.3
27-03-14,241.9001,0,241.9001,241.9001,241.9001
26-03-14,241.9001,0,241.9001,241.9001,241.9001
25-03-14,241.9001,5,241.9001,241.9001,241.9001
24-03-14,240,150,240,240,240
21-03-14,243.45,21,243.45,243.45,243.45
20-03-14,243.05,30,243.05,243.05,243.05
19-03-14,246.25,166,246.6001,246.6001,245.75
18-03-14,243.8,0,243.8,243.8,243.8
17-03-14,243.8,27,246.5,246.5,243.8
14-03-14,244.55,79,240,244.55,240
13-03-14,249.3,16,249.3,249.3,249.3
12-03-14,247,190,243.18,247,242.05
11-03-14,243.093,0,243.093,243.093,243.093
10-03-14,243.093,76,243.093,247.4,243.093
07-03-14,248.95,214,249.95,250.05,248.95
06-03-14,255.14,210,252.45,255.14,252.45
05-03-14,249.7,32,252.2499,252.2499,249.55
04-03-14,253.5,138,253.65,253.65,250.75
03-03-14,245.04,75,245.04,245.04,245.04
28-02-14,257.51,6,257.51,257.51,257.51
27-02-14,254.45,178,251.85,254.45,251.85
26-02-14,255.5,0,255.5,255.5,255.5
25-02-14,255.5,0,255.5,255.5,255.5
24-02-14,255.5,244,253.1999,255.75,252.46
21-02-14,261,254,265.55,265.55,261
20-02-14,265.95,66,265.95,265.95,265.95
19-02-14,269.85,0,269.85,269.85,269.85
18-02-14,269.85,113,269.25,270.05,268
14-02-14,269.41,57,269.41,269.41,269.41
13-02-14,265.2,72,265.2,265.2,265.2
12-02-14,260.1,24,260.1,260.1,260.1
11-02-14,258.2,56,257.98,258.2,257.98
10-02-14,251.5,65,251.5,251.5,251.5
07-02-14,250.27,20,250.27,250.27,250.27
06-02-14,248.3,552,244.5,248.3,244.5
05-02-14,243.35,236,241.25,243.36,241.25
04-02-14,236.9,120,239,239,236.9
03-02-14,240.75,60,241.35,241.35,240.65
31-01-14,244.5,272,242.8,244.5,242.8
30-01-14,249.44,177,249.44,249.44,249.44
29-01-14,252.2,87,250,252.2,250
28-01-14,257.77,136,254.7,257.77,254.6
27-01-14,253,0,253,253,253
24-01-14,253,186,258.4,258.4,253
23-01-14,263.9,9,263.9,263.9,263.9
22-01-14,267.6,175,267,267.6,265.2
21-01-14,268.15,212,269.1,269.1,268.15
17-01-14,266.769,227,268.4,268.5,266.769
16-01-14,268.85,170,267.75,268.85,267.75
15-01-14,261,0,261,261,261
14-01-14,261,262,262,262,261
13-01-14,265.45,12,268.05,268.05,265.45
10-01-14,268.85,188,268.45,268.85,268.2
09-01-14,263.195,55,264,264.95,263.195
08-01-14,263,402,264.4,264.4,263
07-01-14,263.9,68,263,263.9,263
06-01-14,263.9,5,263.9,263.9,263.9
03-01-14,262.9999,4,262.9999,262.9999,262.9999
02-01-14,263.928,1260,266.4999,266.5,263.928
31-12-13,272.325,0,272.325,272.325,272.325
30-12-13,272.325,34,273.2,273.5,272.325
27-12-13,270.4,49,269.65,271.65,269.65
26-12-13,262.2,182,262.2,262.2,262.2
24-12-13,262.1,0,262.1,262.1,262.1
23-12-13,262.1,15,262.1,262.1,262.1
20-12-13,262.1,171,262.35,262.35,262.1
19-12-13,261.6,14,260.7499,261.6,260.7499
18-12-13,254.75,0,254.75,254.75,254.75
17-12-13,254.75,481,257.05,258.4,254.75
16-12-13,257.11,577,257.5,257.5,257
13-12-13,252.3,78,250.35,252.3,250.35
12-12-13,249.05,319,253.55,253.55,249.05
11-12-13,253.1,72,253.1,253.1,253.1
10-12-13,255,828,254.04,255.1,254.04
09-12-13,258.6,10,258.6,258.6,258.6
06-12-13,257.61,83,257.07,257.61,257.07
05-12-13,254,15,254,254,254
04-12-13,252.9,50,252.9,252.9,252.9
03-12-13,254.85,301,253.538,254.9,253.538
02-12-13,258.739,30,258.739,258.739,258.739
29-11-13,259.72,8,258,259.72,258
27-11-13,256.1,0,256.1,256.1,256.1
26-11-13,256.1,0,256.1,256.1,256.1
25-11-13,256.1,32,255.4999,256.1,255.4999
22-11-13,256.45,135,253,256.45,253
21-11-13,255.05,131,252.8,255.05,252
20-11-13,249.1,407,251.555,251.555,249.1
19-11-13,255.5,85,252.95,255.5,252.95
18-11-13,254,115,250.95,254,250.95
15-11-13,250.2375,42,250.2375,250.2375,250.2375
14-11-13,245.9,0,245.9,245.9,245.9
13-11-13,245.9,0,245.9,245.9,245.9
12-11-13,245.9,43,245.75,245.9,245.75
11-11-13,245.75,71,245.53,245.75,245.53
08-11-13,247.66,80,246.55,247.66,246.55
07-11-13,249.75,32,250.53,250.53,249.75
06-11-13,249.07,18,249.07,249.07,249.07
05-11-13,245.02,1050,243.6,245.02,243.6
04-11-13,248.7,50,247.25,248.7,247.25
01-11-13,245.45,85,246.1,246.1,245.45
31-10-13,245.22,380,244.825,245.22,244.825
30-10-13,243.25,133,240.45,244.28,240.45
29-10-13,232.1,15,232.1,232.1,232.1
28-10-13,233.05,70,232.25,233.05,230.35
25-10-13,235.58,10,235.58,235.58,235.58
24-10-13,235.15,0,235.15,235.15,235.15
23-10-13,235.15,124,236.35,236.35,234.45
22-10-13,239.35,202,238.09,239.4,237.845
21-10-13,236.75,0,236.75,236.75,236.75
18-10-13,236.75,575,234.65,236.75,234.65
17-10-13,237.5,34590,234.145,237.5,234.145
16-10-13,230.8,839,233.65,233.65,230.8
15-10-13,228.84,40,228.84,228.84,228.84
14-10-13,221.35,0,221.35,221.35,221.35
11-10-13,221.35,0,221.35,221.35,221.35
10-10-13,221.35,0,221.35,221.35,221.35
09-10-13,221.35,372,220.83,221.35,219.65
08-10-13,225.65,0,225.65,225.65,225.65
07-10-13,225.65,38,223.95,225.77,222.85
04-10-13,223.84,181,223.7,223.84,223.7
03-10-13,224.15,170,224.4,224.4,224.15
02-10-13,225.6,43,225.6,225.6,225.6
01-10-13,229,12,229,229,229
30-09-13,227.1,26,227.9,227.9,227.1
27-09-13,230,10,230,230,230
26-09-13,230.35,0,230.35,230.35,230.35
25-09-13,230.35,0,230.35,230.35,230.35
24-09-13,230.35,101,229.85,230.35,229.85
23-09-13,228,933,228.425,229.6499,227.95
20-09-13,228.65,5,228.65,228.65,228.65
19-09-13,233.59,1,233.59,233.59,233.59
18-09-13,237,2,235.6,237,235.6
17-09-13,232.18,155,233.4499,233.45,232.18
16-09-13,234.95,620,237.55,237.55,234.95
13-09-13,229.95,0,229.95,229.95,229.95
12-09-13,229.95,0,229.95,229.95,229.95
11-09-13,229.95,0,229.95,229.95,229.95
10-09-13,229.95,305,228.45,230,228.45
09-09-13,220.843,400,220.843,220.843,220.843
06-09-13,221.35,0,221.35,221.35,221.35
05-09-13,221.35,0,221.35,221.35,221.35
04-09-13,221.35,0,221.35,221.35,221.35
03-09-13,221.35,100,221.35,221.35,221.35
30-08-13,223.8,315,225,225,223.8
29-08-13,225.713,699,225.713,225.713,225.713
28-08-13,230.8,0,230.8,230.8,230.8
27-08-13,230.8,44,230.25,230.8,230.25
26-08-13,236.45,0,236.45,236.45,236.45
23-08-13,236.45,0,236.45,236.45,236.45
22-08-13,236.45,0,236.45,236.45,236.45
21-08-13,236.45,0,236.45,236.45,236.45
20-08-13,236.45,0,236.45,236.45,236.45
19-08-13,236.45,0,236.45,236.45,236.45
16-08-13,236.45,0,236.45,236.45,236.45
15-08-13,236.45,60,239.15,239.15,236.45
14-08-13,240,100,240,240,240
13-08-13,236.55,20,236.65,236.65,236.55
12-08-13,233.74,0,233.74,233.74,233.74
09-08-13,233.74,240,233.74,233.74,233.74
08-08-13,232.3,0,232.3,232.3,232.3
07-08-13,232.3,0,232.3,232.3,232.3
06-08-13,232.3,309,233.03,234.5999,232.3
05-08-13,225.75,0,225.75,225.75,225.75
02-08-13,225.75,0,225.75,225.75,225.75
01-08-13,225.75,0,225.75,225.75,225.75
31-07-13,225.75,0,225.75,225.75,225.75
30-07-13,225.75,10,225.75,225.75,225.75
29-07-13,221.45,6,221.45,221.45,221.45
26-07-13,217.6,0,217.6,217.6,217.6
25-07-13,217.6,0,217.6,217.6,217.6
24-07-13,217.6,130,218.05,218.05,217.6
23-07-13,214.015,0,214.015,214.015,214.015
22-07-13,214.015,153,216.25,216.25,214.015
19-07-13,215.331,189,215.05,215.331,214.8
18-07-13,215,11,215,215,215
17-07-13,211.05,0,211.05,211.05,211.05
16-07-13,211.05,0,211.05,211.05,211.05
15-07-13,211.05,11,211.05,211.05,211.05
12-07-13,208.65,34,208.65,208.65,208.65
11-07-13,206.39,30,206.39,206.39,206.39
10-07-13,201,20,201,201,201
09-07-13,201,252,200.75,201,200.75
08-07-13,191.3,0,191.3,191.3,191.3
05-07-13,191.3,0,191.3,191.3,191.3
03-07-13,191.3,60,191.3,191.3,191.3
02-07-13,198,0,198,198,198
01-07-13,198,530,196,198,196
28-06-13,195,0,195,195,195
27-06-13,195,4,195,195,195
26-06-13,191.7,15,191.71,191.71,191.7
25-06-13,194,55,192.75,194,192.75
24-06-13,187,191,188.3,188.3,187
21-06-13,192.95,752,193.485,193.485,192.95
20-06-13,207.1,0,207.1,207.1,207.1
19-06-13,207.1,0,207.1,207.1,207.1
18-06-13,207.1,0,207.1,207.1,207.1
17-06-13,207.1,0,207.1,207.1,207.1
14-06-13,207.1,55,207.005,207.1,207.005
13-06-13,202.75,1360,204.8,204.8,202.75
12-06-13,206.7,46,209.5,209.5,206.7
11-06-13,212.29,0,212.29,212.29,212.29
10-06-13,212.29,0,212.29,212.29,212.29
07-06-13,212.29,0,212.29,212.29,212.29
06-06-13,212.29,54,210,212.29,210
05-06-13,213.6,0,213.6,213.6,213.6
04-06-13,213.6,0,213.6,213.6,213.6
03-06-13,213.6,0,213.6,213.6,213.6
31-05-13,213.6,25,213.6,213.6,213.6
30-05-13,210,0,210,210,210
29-05-13,210,0,210,210,210
28-05-13,210,43,211.7999,211.7999,210
24-05-13,212,50,212,212,212
23-05-13,206.32,36,209.5499,209.5499,206.32
22-05-13,215,0,215,215,215
21-05-13,215,156,215.174,215.58,214.95
20-05-13,216,142,215.15,216.3,215.15
17-05-13,199.765,0,199.765,199.765,199.765
16-05-13,199.765,72,201.3,201.3,199.765
15-05-13,195.185,0,195.185,195.185,195.185
14-05-13,195.185,0,195.185,195.185,195.185
13-05-13,195.185,30,195.185,195.185,195.185
10-05-13,195.05,25,195.05,195.05,195.05
09-05-13,195.25,0,195.25,195.25,195.25
08-05-13,195.25,0,195.25,195.25,195.25
07-05-13,195.25,30,196.35,196.35,195.25
06-05-13,198.195,0,198.195,198.195,198.195
03-05-13,198.195,168,195.69,198.195,195.69
02-05-13,190.6,38,190.6,190.6,190.6
01-05-13,195.95,6,194.87,196,194.87
30-04-13,193.35,10,193.35,193.35,193.35
29-04-13,189.25,0,189.25,189.25,189.25
26-04-13,189.25,0,189.25,189.25,189.25
25-04-13,189.25,2,188.75,189.25,188.75
24-04-13,187.75,18,186.25,187.75,186.25
23-04-13,181.5,112,182.75,184.45,181.5
22-04-13,180.58,100,180.58,180.58,180.58
19-04-13,177,10,177,177,177
18-04-13,170.81,305,175.15,175.15,170.81
17-04-13,175.575,130,174,175.575,174
16-04-13,182,0,182,182,182
15-04-13,182,20,182,182,182
12-04-13,182.75,310,182.3,183,181.8
11-04-13,192.65,70,190.27,192.65,190.27
10-04-13,189.9,25,189.9,189.9,189.9
09-04-13,193,0,193,193,193
08-04-13,193,110,192.7,193,191.825
05-04-13,188.61,10,188.61,188.61,188.61
04-04-13,192.85,0,192.85,192.85,192.85
03-04-13,192.85,16,192.85,192.85,192.85
02-04-13,189.85,30,189.85,189.85,189.85
01-04-13,189.3,25,189.65,189.65,189.3
28-03-13,192.3,0,192.3,192.3,192.3
27-03-13,192.3,0,192.3,192.3,192.3
26-03-13,192.3,20,190.8,192.3,190.8
25-03-13,190.15,50,190.1,190.15,190.1
22-03-13,196.14,55,194.385,196.14,194.385
21-03-13,187.8,50,187.8,187.8,187.8
20-03-13,197.45,0,197.45,197.45,197.45
19-03-13,197.45,10,197.45,197.45,197.45
18-03-13,196.85,75,195.05,196.85,195.05
15-03-13,197.75,825,200.125,200.6,197.75
14-03-13,203.15,5,203.15,203.15,203.15
13-03-13,207.57,200,205.09,207.57,205
12-03-13,208,286,208.3,208.3,206.75
11-03-13,205.75,10,205.75,205.75,205.75
08-03-13,209.325,40,211.7,211.7,209.325
07-03-13,209.5,37,210,211,209.5
06-03-13,206.1,50,206.1,206.1,206.1
05-03-13,200.12,0,200.12,200.12,200.12
04-03-13,200.12,100,200.6,200.6,200.12
01-03-13,198.456,895,200.95,201.1,198.456
28-02-13,207.023,546,206.04,207.023,206.04
27-02-13,206.646,55,207.7,207.7,206.646
26-02-13,200.05,181,202.2,202.2,200.05
25-02-13,199.4,768,209.75,209.8,199.4
22-02-13,212,583,211.05,212,207
21-02-13,222,518,220.594,222,220
20-02-13,227,77,227,227,227
19-02-13,228.435,297,226.6,229.35,226.6
15-02-13,224,200,225.9,225.9,224
14-02-13,224.4,376,223.3,224.4,223.3
13-02-13,230,223,230.245,230.75,230
12-02-13,226.51,699,226,226.51,224.7
11-02-13,227.05,1122,226,227.05,224.5
08-02-13,224.8,0,224.8,224.8,224.8
07-02-13,224.8,3,224.8,224.8,224.8
06-02-13,221.5,180,221.6,221.6,221
05-02-13,225.25,26,225.25,225.25,225.25
04-02-13,229,155,230.75,230.75,229
01-02-13,232,0,232,232,232
31-01-13,232,143,232.75,232.75,231.25
30-01-13,232.8,0,232.8,232.8,232.8
29-01-13,232.8,55,232.75,232.8,232.75
28-01-13,233.75,0,233.75,233.75,233.75
25-01-13,233.75,121,233.75,234.25,233.75
24-01-13,227.25,244,228,228.5,227.075
23-01-13,227.5,147,227.35,227.65,227.2
22-01-13,225,110,223.15,226.5,223.15
18-01-13,221,190,222,222,221
17-01-13,222.525,183,220.95,222.525,220.95
16-01-13,219.25,0,219.25,219.25,219.25
15-01-13,219.25,237,218.3,219.25,218.3
14-01-13,222,259,220.95,222,220.55
11-01-13,218.1,571,217.725,219,217.725
10-01-13,208,0,208,208,208
09-01-13,208,170,207.55,208.5,207.55
08-01-13,212.015,80,213.28,213.7,212.015
07-01-13,214.5,73,216.3,216.3,214.5
04-01-13,217.25,50,217.75,217.75,217.25
03-01-13,219.85,98,219.45,219.85,219.4
02-01-13,216.9,0,216.9,216.9,216.9
31-12-12,216.9,0,216.9,216.9,216.9
28-12-12,216.9,0,216.9,216.9,216.9
27-12-12,216.9,53,215,216.9,215
26-12-12,214.675,0,214.675,214.675,214.675
24-12-12,214.675,50,214.675,214.675,214.675
21-12-12,211.85,165,211.85,211.85,211.85
20-12-12,212.1,2,212.1,212.1,212.1
19-12-12,212.45,3,212.45,212.45,212.45
18-12-12,212,130,210.6,212,210.6
17-12-12,210.25,512,210.3,210.3,210.25
14-12-12,210,11,209.95,210.05,209.95
13-12-12,209,20,209,209,209
12-12-12,208.25,4,208.25,208.25,208.25
11-12-12,206,155,206,206,206
10-12-12,204.25,0,204.25,204.25,204.25
07-12-12,204.25,0,204.25,204.25,204.25
06-12-12,204.25,50,204.25,204.25,204.25
05-12-12,202.25,0,202.25,202.25,202.25
04-12-12,202.25,0,202.25,202.25,202.25
03-12-12,202.25,0,202.25,202.25,202.25
30-11-12,202.25,143,202.65,202.65,202.25
29-11-12,202.25,242,202.13,203.5,202.13
28-11-12,199.35,0,199.35,199.35,199.35
27-11-12,199.35,26,197.2,199.35,197.2
26-11-12,195.28,50,195.28,195.28,195.28
23-11-12,194.1,36,194.1,194.1,194.1
21-11-12,186,0,186,186,186
20-11-12,186,0,186,186,186
19-11-12,186,147,186,186,186
16-11-12,178.815,0,178.815,178.815,178.815
15-11-12,178.815,16,181.55,181.55,178.815
14-11-12,183.5,0,183.5,183.5,183.5
13-11-12,183.5,0,183.5,183.5,183.5
12-11-12,183.5,23,183.5,183.5,183.5
09-11-12,185.835,0,185.835,185.835,185.835
08-11-12,185.835,15,185.835,185.835,185.835
07-11-12,187.5,5,188.22,188.22,187.5
06-11-12,191,0,191,191,191
05-11-12,191,243,193.8,193.8,191
02-11-12,192.15,0,192.15,192.15,192.15
01-11-12,192.15,0,192.15,192.15,192.15
31-10-12,192.15,335,196.65,196.65,192.15
26-10-12,186.855,0,186.855,186.855,186.855
25-10-12,186.855,155,185.95,186.855,185.95
24-10-12,180.695,0,180.695,180.695,180.695
23-10-12,180.695,0,180.695,180.695,180.695
22-10-12,180.695,0,180.695,180.695,180.695
19-10-12,180.695,70,179.35,180.695,179.35
18-10-12,176.5,0,176.5,176.5,176.5
17-10-12,176.5,5,176.5,176.5,176.5
16-10-12,173.7,1,173.7,173.7,173.7
15-10-12,171.05,0,171.05,171.05,171.05
12-10-12,171.05,25,171.05,171.05,171.05
11-10-12,172,0,172,172,172
10-10-12,172,0,172,172,172
09-10-12,172,250,172.32,172.32,172
08-10-12,172.525,0,172.525,172.525,172.525
05-10-12,172.525,0,172.525,172.525,172.525
04-10-12,172.525,15,172.05,172.525,172.05
03-10-12,169.85,0,169.85,169.85,169.85
02-10-12,169.85,108,171.19,171.19,169.85
01-10-12,169.05,28,168,169.05,168
28-09-12,166.55,300,166.54,166.55,166.54
27-09-12,166.9,40,166.9,166.9,166.9
26-09-12,176.1,0,176.1,176.1,176.1
25-09-12,176.1,55,175,176.1,175
24-09-12,176.05,83,176.05,176.05,176.05
21-09-12,177,30,176.975,177,176.975
20-09-12,175.7,4,172.4,175.7,172.4
19-09-12,178.1,0,178.1,178.1,178.1
18-09-12,178.1,0,178.1,178.1,178.1
17-09-12,178.1,620,180,180,178.1
14-09-12,180.268,118,179.4,180.268,179.4
13-09-12,170.05,0,170.05,170.05,170.05
12-09-12,170.05,35,170.05,170.05,170.05
11-09-12,164.6,0,164.6,164.6,164.6
10-09-12,164.6,10,164.6,164.6,164.6
07-09-12,164.6,200,164.6,164.6,164.6
06-09-12,156.5,0,156.5,156.5,156.5
05-09-12,156.5,3,156.5,156.5,156.5
04-09-12,156.25,26,156.25,156.25,156.25
31-08-12,164.2,0,164.2,164.2,164.2
30-08-12,164.2,0,164.2,164.2,164.2
29-08-12,164.2,0,164.2,164.2,164.2
28-08-12,164.2,0,164.2,164.2,164.2
27-08-12,164.2,30,164.2,164.2,164.2
24-08-12,161.85,156,161.75,161.85,160.91
23-08-12,166.615,12,165.7,166.615,165.7
22-08-12,168.55,0,168.55,168.55,168.55
21-08-12,168.55,289,167.1,168.55,166.3
20-08-12,165.005,0,165.005,165.005,165.005
17-08-12,165.005,37,166,166,165.005
16-08-12,164.95,0,164.95,164.95,164.95
15-08-12,164.95,0,164.95,164.95,164.95
14-08-12,164.95,0,164.95,164.95,164.95
13-08-12,164.95,50,164.95,164.95,164.95
10-08-12,163.9,616,164.7,164.7,163.05
09-08-12,164.319,10,164.319,164.319,164.319
08-08-12,165.55,0,165.55,165.55,165.55
07-08-12,165.55,5,165.55,165.55,165.55
06-08-12,163.142,316,163.75,164.625,163.142
03-08-12,162.5,100,162.5,162.5,162.5
02-08-12,156.92,93,156.995,156.995,156.25
01-08-12,161.15,21,157.23,161.15,157.23
31-07-12,158.1,32,159.5,159.5,158.1
30-07-12,152.75,0,152.75,152.75,152.75
27-07-12,152.75,10,152.75,152.75,152.75
26-07-12,150.15,50,150.15,150.15,150.15
25-07-12,160.35,0,160.35,160.35,160.35
24-07-12,160.35,0,160.35,160.35,160.35
23-07-12,160.35,0,160.35,160.35,160.35
20-07-12,160.35,15,160.35,160.35,160.35
19-07-12,160.35,0,160.35,160.35,160.35
18-07-12,160.35,0,160.35,160.35,160.35
17-07-12,160.35,0,160.35,160.35,160.35
16-07-12,160.35,0,160.35,160.35,160.35
13-07-12,160.35,4,160.35,160.35,160.35
12-07-12,154.72,40,154.72,154.72,154.72
11-07-12,154,150,154,154,154
10-07-12,154.2,68,156.15,157.4,154.2
09-07-12,153.95,5,153.95,153.95,153.95
06-07-12,154.195,25,155.8,155.8,154.145
05-07-12,158.734,612,158.1,159.1,156.7
03-07-12,150,0,150,150,150
02-07-12,150,7,148.95,150,148.95
29-06-12,150.11,203,150.95,150.95,150.11
28-06-12,142.3,100,142.3,142.3,142.3
27-06-12,139.6,210,139.65,139.65,139.5
26-06-12,140.145,520,140.25,140.25,140.145
25-06-12,140.169,20,140.169,140.169,140.169
22-06-12,149.55,0,149.55,149.55,149.55
21-06-12,149.55,0,149.55,149.55,149.55
20-06-12,149.55,0,149.55,149.55,149.55
19-06-12,149.55,550,148.515,149.55,148.515
18-06-12,147.835,0,147.835,147.835,147.835
15-06-12,147.835,281,148.155,148.155,145.05
14-06-12,143.85,10,143.85,143.85,143.85
13-06-12,143.91,200,143.91,143.91,143.91
12-06-12,148.25,0,148.25,148.25,148.25
11-06-12,148.25,8,148.25,148.25,148.25
08-06-12,148.25,0,148.25,148.25,148.25
07-06-12,148.25,0,148.25,148.25,148.25
06-06-12,148.25,41,144.35,148.25,143.4
05-06-12,142,600,141.5,142,141.5
04-06-12,143.48,215,144.25,144.25,143.48
01-06-12,146.25,70,146.25,146.25,146.25
31-05-12,150,613,150.45,150.45,149.75
30-05-12,152,0,152,152,152
29-05-12,152,0,152,152,152
25-05-12,152,3,152,152,152
24-05-12,150.25,2,150.25,150.25,150.25
23-05-12,152.25,402,155,155,152.25
22-05-12,152.15,0,152.15,152.15,152.15
21-05-12,152.15,4,152.15,152.15,152.15
18-05-12,150.4,20,150.4,150.4,150.4
17-05-12,154.95,140,154.95,154.95,154.95
16-05-12,154.45,20,156.25,156.25,154.45
15-05-12,160.2375,0,160.2375,160.2375,160.2375
14-05-12,160.2375,114,158.7525,160.2375,158.7525
11-05-12,160.55,0,160.55,160.55,160.55
10-05-12,160.55,9,160.55,160.55,160.55
09-05-12,160.5,5,160.5,160.5,160.5
08-05-12,163.75,130,162.25,163.75,162.25
07-05-12,168.75,200,166.55,168.75,166.55
04-05-12,167.5,100,167.5,167.5,167.5
03-05-12,175,231,174,175,172.775
02-05-12,169.3,500,171,171,169.3
01-05-12,171.297,28,171.297,171.297,171.297
30-04-12,169.9325,610,171.5,171.5,169.9325
27-04-12,170,940,166.8,170,166.8
26-04-12,163.54,2006,162.25,165,162.25
25-04-12,148,0,148,148,148
24-04-12,148,15,148.5,148.5,148
23-04-12,144.5,545,144.25,144.65,143.6375
20-04-12,149.4625,55,149.6375,150.5,149.4625
19-04-12,153.675,0,153.675,153.675,153.675
18-04-12,153.675,585,153.25,157.25,153.2
17-04-12,156,412,155.25,156,155.25
16-04-12,156.5,100,156.5,156.5,156.5
13-04-12,156.6,0,156.6,156.6,156.6
12-04-12,156.6,1000,155.975,156.6,155.975
11-04-12,154.8875,280,153.5,154.8875,153.5
10-04-12,148.6445,115,150,150,148
09-04-12,153.5,0,153.5,153.5,153.5
05-04-12,153.5,10,153.5,153.5,153.5
04-04-12,153.5,638,155.75,155.75,153.25
03-04-12,164.8,0,164.8,164.8,164.8
02-04-12,164.8,29,160,164.8,160
30-03-12,157,0,157,157,157
29-03-12,157,620,158.7,158.7,155.65
28-03-12,165,130,164.25,165,164.25
27-03-12,164.5,505,166,166,164.5
26-03-12,163,0,163,163,163
23-03-12,163,18,163,163,163
22-03-12,162,0,162,162,162
21-03-12,162,0,162,162,162
20-03-12,162,914,162,162,162
19-03-12,166.5,200,168,168.25,166.5
16-03-12,170.4,20,170.4,170.4,170.4
15-03-12,171.95,215,169.9,171.95,169.5
14-03-12,169.25,674,171.05,171.05,169.25
13-03-12,166.25,69,166.75,166.75,165.15
12-03-12,169,124,167,169,167
09-03-12,168,5,168,168,168
08-03-12,170.25,10,170.25,170.25,170.25
07-03-12,164.25,100,164.25,164.25,164.25
06-03-12,164,170,165.25,165.25,164
05-03-12,173,181,173,173,173
02-03-12,172.25,0,172.25,172.25,172.25
01-03-12,172.25,3,172.25,172.25,172.25
29-02-12,169.5,0,169.5,169.5,169.5
28-02-12,169.5,0,169.5,169.5,169.5
27-02-12,169.5,200,169.5,169.5,169.5
24-02-12,171,195,166.9,171,166.9
23-02-12,167,107,165.1,167,165.1
22-02-12,172.75,0,172.75,172.75,172.75
21-02-12,172.75,138,172,173.25,172
17-02-12,169.2,275,169.5,169.5,169.2
16-02-12,162.95,30,162.95,162.95,162.95
15-02-12,166.75,46,165.75,166.75,165.75
14-02-12,165.5,1,165.5,165.5,165.5
13-02-12,173,7,173,173,173
10-02-12,171.5,0,171.5,171.5,171.5
09-02-12,171.5,71,172.8,172.8,171
08-02-12,167.5,0,167.5,167.5,167.5
07-02-12,167.5,330,167,168.75,167
06-02-12,167.5,10,167.5,167.5,167.5
03-02-12,164.3,0,164.3,164.3,164.3
02-02-12,164.3,200,165,165,163.75
01-02-12,167,110,165.05,168.25,165.05
31-01-12,162.25,145,165.75,165.75,162.25
30-01-12,165.25,0,165.25,165.25,165.25
27-01-12,165.25,0,165.25,165.25,165.25
26-01-12,165.25,500,165.25,165.25,165.25
25-01-12,158.55,50,158.55,158.55,158.55
24-01-12,159,484,158.75,159,158.75
23-01-12,160.25,22,160.25,160.25,160.25
20-01-12,158.5,0,158.5,158.5,158.5
19-01-12,158.5,50,158.5,158.5,158.5
18-01-12,154,80,154.25,154.25,154
17-01-12,145,0,145,145,145
13-01-12,145,202,146.75,146.75,143.75
12-01-12,141.75,0,141.75,141.75,141.75
11-01-12,141.75,0,141.75,141.75,141.75
10-01-12,141.75,0,141.75,141.75,141.75
09-01-12,141.75,100,141.75,141.75,141.75
06-01-12,141.5,125,144.25,144.25,141.5
05-01-12,142.25,0,142.25,142.25,142.25
04-01-12,142.25,520,142.65,142.65,142.25
03-01-12,141.5,100,141.5,141.5,141.5
30-12-11,134.25,33,135,135,133.25
29-12-11,135.95,0,135.95,135.95,135.95
28-12-11,135.95,5,135.95,135.95,135.95
27-12-11,137.25,260,137.5,137.75,137.25
23-12-11,137.25,112,136.95,137.6,136.95
22-12-11,138.25,124,138.25,138.25,138.25
21-12-11,138.1,116,138.1,138.1,136.94
20-12-11,138,553,137.35,139.85,137.35
19-12-11,135.75,0,135.75,135.75,135.75
16-12-11,135.75,0,135.75,135.75,135.75
15-12-11,135.75,100,135.75,135.75,135.75
14-12-11,132.75,270,133,133.05,132.75
13-12-11,140.5,400,140.5,140.5,140.5
12-12-11,143.6,30,143.6,143.6,143.6
09-12-11,147.5,550,146,147.5,146
08-12-11,145,3213,148.75,148.75,145
07-12-11,150,20,150,150,150
06-12-11,152.5,300,152.5,152.5,152.5
05-12-11,152,300,153.65,154.25,152
02-12-11,152.25,102,154,154,152.25
01-12-11,150.85,175,150.25,150.85,150.25
30-11-11,143.25,0,143.25,143.25,143.25
29-11-11,143.25,45,142.75,144,142.75
28-11-11,144.6,5,144.6,144.6,144.6
25-11-11,137,0,137,137,137
23-11-11,137,10,137,137,137
22-11-11,141.35,5,141.35,141.35,141.35
21-11-11,144.8,1210,145.3,145.3,142.2
18-11-11,149.5,235,150.55,150.55,147.91
17-11-11,150,741,153.2,153.2,150
16-11-11,155.5,520,156.2,156.2,155.5
15-11-11,159.1,4,159.1,159.1,159.1
14-11-11,159.15,0,159.15,159.15,159.15
11-11-11,159.15,15,159.15,159.15,159.15
10-11-11,156.85,300,156.85,156.85,156.85
09-11-11,162,0,162,162,162
08-11-11,162,195,161.25,162,161.25
07-11-11,160.75,163,160.75,161,160.75
04-11-11,160,208,161.2,161.5,160
03-11-11,162.5,2442,162.63,163.25,161.25
02-11-11,149,0,149,149,149
01-11-11,149,107,147.2,149,147.2
31-10-11,159.75,3081,158.95,159.75,158.95
28-10-11,163.5,1419,163.8,165.65,163.5
27-10-11,159.4,1722,160.8,164.9,159.4
26-10-11,148.33,110,149.05,149.05,148.33
25-10-11,147,123,148,149.15,147
24-10-11,144.8,50,144.8,144.8,144.8
21-10-11,139,0,139,139,139
20-10-11,139,20,139,139,139
19-10-11,142,1205,142.1,142.1,141.85
18-10-11,140.3,136,140.3,140.97,140.3
17-10-11,139.75,170,142.75,142.75,139.75
14-10-11,133.55,0,133.55,133.55,133.55
13-10-11,133.55,0,133.55,133.55,133.55
12-10-11,133.55,0,133.55,133.55,133.55
11-10-11,133.55,1,133.55,133.55,133.55
10-10-11,132.25,1030,133.49,134.5,132.25
07-10-11,125.75,235,126.85,126.85,125.75
06-10-11,125,530,121.7,125,121.7
05-10-11,112.1,0,112.1,112.1,112.1
04-10-11,112.1,15,112.1,112.1,112.1
03-10-11,114,1835,118.75,118.75,114
30-09-11,124.25,3845,125.45,125.45,124.25
29-09-11,132.5,35,132.1,132.5,132.1
28-09-11,128.76,106,131.95,131.95,128.76
27-09-11,131,400,131.15,131.15,129.45
26-09-11,122.75,245,122.75,122.75,122.75
23-09-11,125,340,121.45,125,121.45
22-09-11,125.75,153,127,127,125.75
21-09-11,142,0,142,142,142
20-09-11,142,262,138.75,142.25,138.75
19-09-11,138.5,20,138.5,138.5,138.5
16-09-11,144.75,305,143.6,144.75,142.75
15-09-11,143.5,1456,141,143.5,141
14-09-11,137.75,200,136.49,137.75,136.49
13-09-11,131.75,303,130,131.75,130
12-09-11,127.4,1025,126.9,129,126.9
09-09-11,131.48,55,133,133,131.48
08-09-11,135.2,0,135.2,135.2,135.2
07-09-11,135.2,0,135.2,135.2,135.2
06-09-11,135.2,11,135.2,135.2,135.2
02-09-11,146.65,10103,146.65,146.65,146.65
01-09-11,149.6,0,149.6,149.6,149.6
31-08-11,149.6,1010,153,153,149.6
30-08-11,147.69,100,147.69,147.69,147.69
29-08-11,148.27,800,148.7,148.7,148.27
26-08-11,142.25,0,142.25,142.25,142.25
25-08-11,142.25,21,145.2,145.2,142.25
24-08-11,144,14666,143.3,145,143
23-08-11,136.6,560,136.6,136.6,136.6
22-08-11,134.11,3711,137.85,137.85,134.11
19-08-11,137.13,355,138.55,138.55,136.8
18-08-11,141.25,785,148.75,148.75,141.25
17-08-11,152,34,152.25,152.25,152
16-08-11,152.26,150,152.26,152.26,152.26
15-08-11,159.75,962,159.55,161,158
12-08-11,159.75,775,156.75,160,156.75
11-08-11,154.04,353,148,154.04,147.7
10-08-11,146.74,427,153.5,153.5,145.75
09-08-11,152,1356,152.25,153.5,145.35
08-08-11,144,1507,144.4,146.95,138
05-08-11,154.75,555,157.75,157.75,154.75
04-08-11,159,665,161.35,161.35,157.4
03-08-11,166.25,497,170.3,170.3,166
02-08-11,174,183,175.5,175.75,174
01-08-11,179.7,201,188.45,188.45,179.7
29-07-11,182.4,409,183.2,183.2,181
28-07-11,186,64,179.7,186,179.7
27-07-11,191.95,531,193.25,193.25,191.95
26-07-11,193.25,53,193.75,195.25,193.25
25-07-11,197.25,30,197.25,197.25,197.25
22-07-11,196.75,1061,196.75,196.75,196.75
21-07-11,193,90,191.5,193,191.5
20-07-11,194.1,150,193.25,194.1,191
19-07-11,195.25,55,194.8,195.25,194.8
18-07-11,189.55,156,190.75,191.75,187.5
15-07-11,193.05,167,194.8,194.8,193.05
14-07-11,189.25,100,189.25,189.25,189.25
13-07-11,190,100,190,190,190
12-07-11,182.75,115,182.75,182.75,182.75
11-07-11,181.8985,549,182.65,182.9985,180.31
08-07-11,191.15,68,192.7485,192.7485,190.9985
07-07-11,194.2,200,193.75,194.38,193.75
06-07-11,188.6,635,190.65,190.65,188.6
05-07-11,189.32,75,189.9985,189.9985,189.32
01-07-11,185,110,184.1,185,184.1
30-06-11,183.4,330,184.15,185.25,183.25
29-06-11,184.1,800,182,184.1,182
28-06-11,182.25,266,179.83,182.25,179.83
27-06-11,175.05,5,175.05,175.05,175.05
24-06-11,171.4485,0,171.4485,171.4485,171.4485
23-06-11,171.4485,185,169.25,171.4485,169.25
22-06-11,176.75,0,176.75,176.75,176.75
21-06-11,176.75,770,175,177.45,175
20-06-11,170.25,0,170.25,170.25,170.25
17-06-11,170.25,474,170.25,170.25,170.25
16-06-11,165.75,14,166,166,165.75
15-06-11,164.2515,98,169.4,169.4,164.25
14-06-11,171.7985,20,171.7985,171.7985,171.7985
13-06-11,169.25,60,168.3515,169.25,168.3515
10-06-11,168.75,180,169.75,169.75,168.75
09-06-11,172.36,251,169,173,169
08-06-11,167,0,167,167,167
07-06-11,167,12,168,168,167
06-06-11,168.0015,248,169.35,169.4,167.5
03-06-11,166.75,1,166.75,166.75,166.75
02-06-11,169.7,150,169.7,169.7,169.7
01-06-11,170,20,170,170,170
31-05-11,168.05,35,166.5,168.05,166.5
27-05-11,160.5,0,160.5,160.5,160.5
26-05-11,160.5,69,161,161,160.5
25-05-11,158,202,158,158,158
24-05-11,156,0,156,156,156
23-05-11,156,1654,157.25,157.25,155.0015
20-05-11,163,12,163,163,163
19-05-11,165.9985,60,163.75,165.9985,163.75
18-05-11,163.5,0,163.5,163.5,163.5
17-05-11,163.5,200,163.5,163.5,163.5
16-05-11,165.2,100,165.2,165.2,165.2
13-05-11,168.25,0,168.25,168.25,168.25
12-05-11,168.25,190,167.95,168.25,167.2485
11-05-11,168,0,168,168,168
10-05-11,168,0,168,168,168
09-05-11,168,0,168,168,168
06-05-11,168,40,168,168,168
05-05-11,170.5,32,170.7485,170.7485,170.5
04-05-11,173.75,574,175,175,173.75
03-05-11,181.96,353,177.9985,181.96,177.9985
02-05-11,178.75,100,178.75,178.75,178.75
29-04-11,176.9985,20,176.9985,176.9985,176.9985
28-04-11,177,409,176,177.2485,176
27-04-11,172,369,172,173,170.88
26-04-11,163,7,163,163,163
25-04-11,160,13,163,163,160
21-04-11,161.25,132,160.5,161.25,160.5
20-04-11,158.5,17,158.5,158.5,158.5
19-04-11,148,0,148,148,148
18-04-11,148,10,148,148,148
15-04-11,150,0,150,150,150
14-04-11,150,0,150,150,150
13-04-11,150,0,150,150,150
12-04-11,150,0,150,150,150
11-04-11,150,125,150,150,150
08-04-11,153.25,0,153.25,153.25,153.25
07-04-11,153.25,15,153.25,153.25,153.25
06-04-11,156,0,156,156,156
05-04-11,156,0,156,156,156
04-04-11,156,92,158.75,158.75,156
01-04-11,147,0,147,147,147
31-03-11,147,0,147,147,147
30-03-11,147,0,147,147,147
29-03-11,147,0,147,147,147
28-03-11,147,60,147,147,147
25-03-11,146,0,146,146,146
24-03-11,146,0,146,146,146
23-03-11,146,0,146,146,146
22-03-11,146,0,146,146,146
21-03-11,146,0,146,146,146
18-03-11,146,91,145.9675,146,145.9675
17-03-11,143.5,0,143.5,143.5,143.5
16-03-11,143.5,120,144,144,143.5
15-03-11,147.5,7844,143.5,147.5,143.5
14-03-11,147.75,145,148.25,148.25,147.75
11-03-11,152.5,0,152.5,152.5,152.5
10-03-11,152.5,0,152.5,152.5,152.5
09-03-11,152.5,339,152,153,150.5
08-03-11,152.35,110,152.35,152.35,152.35
07-03-11,149.25,12,149.25,149.25,149.25
04-03-11,150.75,0,150.75,150.75,150.75
03-03-11,150.75,1000,150.75,150.75,150.75
02-03-11,150.65,0,150.65,150.65,150.65
01-03-11,150.65,2272,151.3,151.3,150.65
28-02-11,155,64,155,155,155
25-02-11,149.25,143,150,150.75,149.25
24-02-11,146,45,146,146,146
23-02-11,154.25,0,154.25,154.25,154.25
22-02-11,154.25,25,154.25,154.25,154.25
18-02-11,154,60,154,154,154
17-02-11,151,21,152,152,151
16-02-11,155.5,32,155.75,155.75,155.5
15-02-11,155.25,19,155.25,155.25,155.25
14-02-11,159,17,159,159,159
11-02-11,158.5,170,157.75,158.5,157.75
10-02-11,155,230,155.75,156.75,155
09-02-11,157.25,53,156,157.25,156
08-02-11,156,150,156,156.5,156
07-02-11,148.75,0,148.75,148.75,148.75
04-02-11,148.75,100,148.75,148.75,148.75
03-02-11,153,0,153,153,153
02-02-11,153,0,153,153,153
01-02-11,153,115,153,153,153
31-01-11,153,0,153,153,153
28-01-11,153,7,153,153,153
27-01-11,153.1796,1000,153.1796,153.1796,153.1796
26-01-11,153.8,190,153.8,153.8,153.8
25-01-11,150.632,8610,149,150.632,149
24-01-11,150.1,5574,151,151,147
21-01-11,153,0,153,153,153
20-01-11,153,113,152.75,153,152.75
19-01-11,158,3,158,158,158
18-01-11,158.5,25,158.5,158.5,158.5
14-01-11,155,0,155,155,155
13-01-11,155,50,155,155,155
12-01-11,154.75,10,154.75,154.75,154.75
11-01-11,153,90,153,153,153
10-01-11,148,35,148.25,148.25,148
07-01-11,149.75,100,149.75,149.75,149.75
06-01-11,146.5,1205,148.5,148.5814,146.5
05-01-11,147,50,147,147,147
04-01-11,149.75,0,149.75,149.75,149.75
03-01-11,149.75,18,149.75,149.75,149.75
31-12-10,142,45,142,142,142
30-12-10,141,325,141.75,141.75,141
29-12-10,142.5,103,140.5,142.5,140.5
28-12-10,139.75,25,139.75,139.75,139.75
27-12-10,140,220,138.267,140,138.267
23-12-10,147.75,0,147.75,147.75,147.75
22-12-10,147.75,0,147.75,147.75,147.75
21-12-10,147.75,0,147.75,147.75,147.75
20-12-10,147.75,0,147.75,147.75,147.75
17-12-10,147.75,80,149.75,149.75,147.75
16-12-10,148.5,0,148.5,148.5,148.5
15-12-10,148.5,0,148.5,148.5,148.5
14-12-10,148.5,0,148.5,148.5,148.5
13-12-10,148.5,0,148.5,148.5,148.5
10-12-10,148.5,300,148.5,148.5,148.5
09-12-10,146.8884,350,145.5,146.8884,145.5
08-12-10,151.25,150,154,154,151
07-12-10,158.25,190,160.25,160.25,158.25
06-12-10,160,342,156.75,160,156.75
03-12-10,152.75,40,153.75,153.75,152.75
02-12-10,150.5,1015,149.4586,150.5,149.4586
01-12-10,135.05,0,135.05,135.05,135.05
30-11-10,135.05,56,135,135.05,135
29-11-10,136,200,138.25,138.25,136
26-11-10,142,0,142,142,142
24-11-10,142,50,142,142,142
23-11-10,139.75,62,141.25,141.25,139.75
22-11-10,147.5,20,147.5,147.5,147.5
19-11-10,146.75,0,146.75,146.75,146.75
18-11-10,146.75,180,145.5,146.75,145.5
17-11-10,140.75,0,140.75,140.75,140.75
16-11-10,140.75,0,140.75,140.75,140.75
15-11-10,140.75,4616,141.9,141.9,139.8839
12-11-10,135.25,0,135.25,135.25,135.25
11-11-10,135.25,0,135.25,135.25,135.25
10-11-10,135.25,500,136.2,136.2,135.25
09-11-10,139,1106,139.75,139.75,139
08-11-10,137,0,137,137,137
05-11-10,137,106,137,137,137
04-11-10,137.75,185,137.75,137.75,137.35
03-11-10,133.75,0,133.75,133.75,133.75
02-11-10,133.75,60,133.75,133.75,133.75
01-11-10,131.25,14834,131.5,131.5,130.925
29-10-10,126,0,126,126,126
28-10-10,126,0,126,126,126
27-10-10,126,0,126,126,126
26-10-10,126,700,126.25,127.3636,126
25-10-10,116.25,0,116.25,116.25,116.25
22-10-10,116.25,10,116.25,116.25,116.25
21-10-10,112.9,165,112.9,112.9,112.9
20-10-10,113,145,111.75,113,111.75
19-10-10,114.75,0,114.75,114.75,114.75
18-10-10,114.75,260,115,115,114.75
15-10-10,115.5,610,117.25,117.25,115.5
14-10-10,117.95,4050,117.95,117.95,117.95
13-10-10,113,0,113,113,113
12-10-10,113,0,113,113,113
11-10-10,113,10,113,113,113
08-10-10,112,55,112,112,112
07-10-10,109.5,50,109.5,109.5,109.5
06-10-10,107,60,107,107,107
05-10-10,105.5,15,105.5,105.5,105.5
04-10-10,107.1,0,107.1,107.1,107.1
01-10-10,107.1,0,107.1,107.1,107.1
30-09-10,107.1,0,107.1,107.1,107.1
29-09-10,107.1,0,107.1,107.1,107.1
28-09-10,107.1,0,107.1,107.1,107.1
27-09-10,107.1,168,110.95,110.95,107.1
24-09-10,109.25,187,109,110,109
23-09-10,108,323,105.25,108,104.26
22-09-10,107.25,0,107.25,107.25,107.25
21-09-10,107.25,60,107,107.25,107
20-09-10,104.765,0,104.765,104.765,104.765
17-09-10,104.765,250,104.765,104.765,104.765
16-09-10,104.95,217,103.05,104.95,103.05
15-09-10,101.25,0,101.25,101.25,101.25
14-09-10,101.25,0,101.25,101.25,101.25
13-09-10,101.25,105,101.15,101.25,101.15
10-09-10,95,0,95,95,95
09-09-10,95,100,95,95,95
08-09-10,93.8,12,93.8,93.8,93.8
07-09-10,95.45,0,95.45,95.45,95.45
03-09-10,95.45,125,96.25,96.25,95.45
02-09-10,95.55,151,94.6,95.55,94.6
01-09-10,92.55,401,91.45,92.55,91.45
31-08-10,91.45,0,91.45,91.45,91.45
30-08-10,91.45,0,91.45,91.45,91.45
27-08-10,91.45,100,91.45,91.45,91.45
26-08-10,88.45,0,88.45,88.45,88.45
25-08-10,88.45,17,88.7,88.7,88.45
24-08-10,92.25,0,92.25,92.25,92.25
23-08-10,92.25,0,92.25,92.25,92.25
20-08-10,92.25,0,92.25,92.25,92.25
19-08-10,92.25,0,92.25,92.25,92.25
18-08-10,92.25,0,92.25,92.25,92.25
17-08-10,92.25,50,92.25,92.25,92.25
16-08-10,90.5,275,91.25,91.8,90.5
13-08-10,91.746,200,91.746,91.746,91.746
12-08-10,93,0,93,93,93
11-08-10,93,50,93,93,93
10-08-10,96.548,0,96.548,96.548,96.548
09-08-10,96.548,54,97.2,97.2,96.548
06-08-10,96.85,286,97.6,97.6,96.85
05-08-10,96.5,0,96.5,96.5,96.5
04-08-10,96.5,0,96.5,96.5,96.5
03-08-10,96.5,1041,96.25,96.5,96.25
02-08-10,96.35,205,95.75,96.35,95.75
30-07-10,94.5,0,94.5,94.5,94.5
29-07-10,94.5,560,95.5,95.5,94.5
28-07-10,96.25,0,96.25,96.25,96.25
27-07-10,96.25,0,96.25,96.25,96.25
26-07-10,96.25,0,96.25,96.25,96.25
23-07-10,93.75,0,93.75,93.75,93.75
22-07-10,93.75,177,93.75,93.75,93.75
21-07-10,91.45,56,91.45,91.45,91.45
20-07-10,92.7,0,92.7,92.7,92.7
19-07-10,92.7,1105,91.5,92.7,91.5
16-07-10,91.8,0,91.8,91.8,91.8
15-07-10,91.8,343,92.9,92.9,91.8
14-07-10,90,0,90,90,90
13-07-10,90,0,90,90,90
12-07-10,90,113,90.1,90.1,90
09-07-10,89.2,0,89.2,89.2,89.2
08-07-10,89.2,101,88.75,89.2,88.75
07-07-10,85.7,0,85.7,85.7,85.7
06-07-10,85.7,0,85.7,85.7,85.7
02-07-10,85.7,0,85.7,85.7,85.7
01-07-10,85.7,8,85.3,85.7,85.3
30-06-10,85.7,50,85.7,85.7,85.7
29-06-10,89.4,0,89.4,89.4,89.4
28-06-10,89.4,0,89.4,89.4,89.4
25-06-10,89.4,0,89.4,89.4,89.4
24-06-10,89.4,0,89.4,89.4,89.4
23-06-10,89.4,0,89.4,89.4,89.4
22-06-10,89.4,17,89.4,89.4,89.4
21-06-10,91.25,100,91.25,91.25,91.25
18-06-10,90.5,63,90.5,90.5,89.75
17-06-10,89.5,25,89.5,89.5,89.5
16-06-10,85.95,50,85.95,85.95,85.95
15-06-10,81.35,0,81.35,81.35,81.35
14-06-10,81.35,0,81.35,81.35,81.35
11-06-10,81.35,0,81.35,81.35,81.35
10-06-10,81.35,0,81.35,81.35,81.35
09-06-10,81.35,43,80.5,81.35,80.5
08-06-10,81.4,2,81.4,81.4,81.4
07-06-10,79.5,80,81.3,81.3,79.5
04-06-10,82.8,13,82.8,82.8,82.8
03-06-10,86.1,0,86.1,86.1,86.1
02-06-10,86.1,0,86.1,86.1,86.1
01-06-10,86.1,639,84.65,86.1,84.65
28-05-10,85.039,1327,86.35,87.75,85.039
27-05-10,80.8,0,80.8,80.8,80.8
26-05-10,80.8,0,80.8,80.8,80.8
25-05-10,80.8,160,80.4,80.8,80.4
24-05-10,85.5,45,85.5,85.5,85.5
21-05-10,86,101,83.5,86,83.5
20-05-10,85.35,0,85.35,85.35,85.35
19-05-10,85.35,16,85.35,85.35,85.35
18-05-10,86.95,23,86.95,86.95,86.95
17-05-10,85,20,85,85,85
14-05-10,86.45,300,86.75,86.75,86.45
13-05-10,88,0,88,88,88
12-05-10,88,0,88,88,88
11-05-10,88,0,88,88,88
10-05-10,88,122,87.48,88,87.48
07-05-10,83.75,189,84.6,84.6,83.5
06-05-10,84.5,202,87,87,84.5
05-05-10,86.6,75,86.75,87.2,86.6
04-05-10,91.25,154,90,91.25,89.25
03-05-10,92.9,100,92.9,92.9,92.9
30-04-10,94.5,50,94.5,94.5,94.5
29-04-10,96.45,310,94.589,96.75,94.589
28-04-10,93.35,660,95.1,95.1,91.477
27-04-10,93.75,15,96.05,96.05,93.75
26-04-10,99,380,99.25,99.25,99
23-04-10,98.75,100,98.75,98.75,98.75
22-04-10,101,1220,99.75,101,99.75
21-04-10,102.25,100,102.5,102.5,102.25
20-04-10,100,200,99.75,100,99.75
19-04-10,97,146,97,97,97
16-04-10,98.75,584,100,100,98.75
15-04-10,98.5,170,99.349,100.25,98.25
14-04-10,100,60,99.45,100,99.45
13-04-10,95,0,95,95,95
12-04-10,95,0,95,95,95
09-04-10,95,32,94.5,95,94.5
08-04-10,96,0,96,96,96
07-04-10,96,0,96,96,96
06-04-10,96,420,96.25,96.25,96
05-04-10,95.5,0,95.5,95.5,95.5
01-04-10,95.5,0,95.5,95.5,95.5
31-03-10,95.5,0,95.5,95.5,95.5
30-03-10,95.5,114,94.9,95.5,94.9
29-03-10,98,210,97.75,98,97.75
26-03-10,97.75,305,96.25,97.75,96.25
25-03-10,94.25,5,94.25,94.25,94.25
24-03-10,96.35,311,95.5,96.35,95.361
23-03-10,102.75,0,102.75,102.75,102.75
22-03-10,102.75,0,102.75,102.75,102.75
19-03-10,102.75,150,102.4,102.75,102.4
18-03-10,101.75,137,103.5,103.5,101.75
17-03-10,105.25,50,105.25,105.25,105.25
16-03-10,105,40,105,105,105
15-03-10,102,40,102,102,102
12-03-10,104,415,104.65,104.65,104
11-03-10,95.25,0,95.25,95.25,95.25
10-03-10,95.25,0,95.25,95.25,95.25
09-03-10,95.25,207,95.5,95.5,95.25
08-03-10,98.15,20,98.5,98.5,97.35
05-03-10,97.35,300,97.5647,97.5647,97.35
04-03-10,91,0,91,91,91
03-03-10,91,100,91,91,91
02-03-10,88.5,38,88.5,88.5,88.5
01-03-10,88,0,88,88,88
26-02-10,88,0,88,88,88
25-02-10,88,375,88,88,88
24-02-10,87.55,0,87.55,87.55,87.55
23-02-10,87.55,110,89.25,89.25,87.55
22-02-10,88.95,1238,88.95,88.95,88.95
19-02-10,85.85,0,85.85,85.85,85.85
18-02-10,85.85,2,85.85,85.85,85.85
17-02-10,86.9,0,86.9,86.9,86.9
16-02-10,86.9,110,86.1,86.9,86.1
12-02-10,86,0,86,86,86
11-02-10,86,202,86,86,86
10-02-10,89.2,31,89.2,89.2,89.2
09-02-10,88.75,11,88.75,88.75,88.75
08-02-10,87,200,86.75,87,86.75
05-02-10,91.25,0,91.25,91.25,91.25
04-02-10,91.25,200,91.25,91.25,91.25
03-02-10,96,280,96.5,96.5,96
02-02-10,88.5,0,88.5,88.5,88.5
01-02-10,88.5,0,88.5,88.5,88.5
29-01-10,88.5,100,88.5,88.5,88.5
28-01-10,93.5,0,93.5,93.5,93.5
27-01-10,93.5,246,92.1,93.5,92.1
26-01-10,100,0,100,100,100
25-01-10,100,0,100,100,100
22-01-10,100,301,100,100,100
21-01-10,101.25,30,99,101.25,99
20-01-10,102,10,102,102,102
19-01-10,104,610,104.25,104.5,102.75
15-01-10,109.25,0,109.25,109.25,109.25
14-01-10,109.25,0,109.25,109.25,109.25
13-01-10,109.25,0,109.25,109.25,109.25
12-01-10,109.25,400,109.25,109.25,109.25
11-01-10,112,252,111.25,112,110.5
08-01-10,111.5,20,111.5,111.5,111.5
07-01-10,108.5,0,108.5,108.5,108.5
06-01-10,108.5,0,108.5,108.5,108.5
05-01-10,108.5,10,108.5,108.5,108.5
04-01-10,109.5,7,109.5,109.5,109.5
31-12-09,112,100,112,112,112
30-12-09,112,17,112,112,112
29-12-09,112.5,1460,111.75,112.5,111.75
28-12-09,111,569,110.5,111,110.5
24-12-09,107.25,0,107.25,107.25,107.25
23-12-09,107.25,100,107.25,107.25,107.25
22-12-09,104.5,0,104.5,104.5,104.5
21-12-09,104.5,92,106.5,106.5,104.5
18-12-09,112.75,15,112.75,112.75,112.75
17-12-09,117.25,60,115.75,117.25,115.75
16-12-09,117.5,0,117.5,117.5,117.5
15-12-09,117.5,290,117.75,117.75,117.5
14-12-09,120,7,118.75,120,118.75
11-12-09,119.467,0,119.467,119.467,119.467
10-12-09,119.467,186,119.467,119.467,119.467
09-12-09,118.75,10,118.75,118.75,118.75
08-12-09,122.4,0,122.4,122.4,122.4
07-12-09,122.4,0,122.4,122.4,122.4
04-12-09,122.4,10,122.4,122.4,122.4
03-12-09,123.5,101,125,125,123.5
02-12-09,122,10,122,122,122
01-12-09,131,0,131,131,131
30-11-09,131,400,129.5,133,129.5
27-11-09,135,200,135,135,135
25-11-09,148,0,148,148,148
24-11-09,148,0,148,148,148
23-11-09,148,0,148,148,148
20-11-09,148,0,148,148,148
19-11-09,148,0,148,148,148
18-11-09,148,0,148,148,148
17-11-09,148,0,148,148,148
16-11-09,148,0,148,148,148
13-11-09,148,0,148,148,148
12-11-09,148,402,151,151,148
11-11-09,157.653,24080,157.653,157.653,157.653
10-11-09,154,3,154,154,154
09-11-09,165.25,1,165.25,165.25,165.25
06-11-09,159.3,0,159.3,159.3,159.3
05-11-09,159.3,0,159.3,159.3,159.3
04-11-09,159.3,3,159.3,159.3,159.3
03-11-09,160,2,160,160,160
02-11-09,167.5,0,167.5,167.5,167.5
30-10-09,167.5,0,167.5,167.5,167.5
29-10-09,167.5,0,167.5,167.5,167.5
28-10-09,167.5,0,167.5,167.5,167.5
27-10-09,167.5,0,167.5,167.5,167.5
26-10-09,167.5,96,176.5,176.5,167.5
23-10-09,177.5,0,177.5,177.5,177.5
22-10-09,177.5,0,177.5,177.5,177.5
21-10-09,177.5,131,177.5,177.5,177.5
20-10-09,175,2,175,175,175
19-10-09,162,0,162,162,162
16-10-09,162,0,162,162,162
15-10-09,162,0,162,162,162
14-10-09,162,0,162,162,162
13-10-09,162,0,162,162,162
12-10-09,162,0,162,162,162
09-10-09,162,0,162,162,162
08-10-09,162,0,162,162,162
07-10-09,162,0,162,162,162
06-10-09,162,0,162,162,162
05-10-09,162,0,162,162,162
02-10-09,162,70,159.75,162,159.75
01-10-09,162.5,1,162.5,162.5,162.5
30-09-09,162,0,162,162,162
29-09-09,162,0,162,162,162
28-09-09,162,0,162,162,162
25-09-09,162,60,162,162,162
24-09-09,160,0,160,160,160
23-09-09,160,0,160,160,160
22-09-09,160,0,160,160,160
21-09-09,160,166,163,163,160
18-09-09,165,22,165,165,165
17-09-09,185,0,185,185,185
16-09-09,185,0,185,185,185
15-09-09,185,0,185,185,185
14-09-09,185,10,185,185,185
11-09-09,186,4,186,186,186
10-09-09,177.5,75,177.5,177.5,177.5
09-09-09,181.75,0,181.75,181.75,181.75
08-09-09,181.75,0,181.75,181.75,181.75
04-09-09,181.75,0,181.75,181.75,181.75
03-09-09,181.75,0,181.75,181.75,181.75
02-09-09,181.75,50,181.75,181.75,181.75
01-09-09,201,0,201,201,201
31-08-09,201,0,201,201,201
28-08-09,201,10,201,201,201
27-08-09,201,10,201,201,201
26-08-09,213,0,213,213,213
25-08-09,213,0,213,213,213
24-08-09,213,40,213,213,213
21-08-09,210,0,210,210,210
20-08-09,210,0,210,210,210
19-08-09,210,57,210,210,205
18-08-09,350,0,350,350,350
17-08-09,350,0,350,350,350
14-08-09,350,0,350,350,350
13-08-09,350,0,350,350,350
12-08-09,350,0,350,350,350
11-08-09,350,0,350,350,350
10-08-09,350,0,350,350,350
07-08-09,350,0,350,350,350
06-08-09,350,0,350,350,350
05-08-09,350,5,350,350,350
04-08-09,368.5,0,368.5,368.5,368.5
03-08-09,368.5,0,368.5,368.5,368.5
31-07-09,368.5,0,368.5,368.5,368.5
30-07-09,368.5,0,368.5,368.5,368.5
29-07-09,368.5,0,368.5,368.5,368.5
28-07-09,368.5,0,368.5,368.5,368.5
27-07-09,368.5,70,368.5,368.5,368.5
24-07-09,368,3,368,368,368
23-07-09,342,0,342,342,342
22-07-09,342,0,342,342,342
21-07-09,342,0,342,342,342
20-07-09,342,0,342,342,342
17-07-09,342,0,342,342,342
16-07-09,342,0,342,342,342
15-07-09,342,1,342,342,342
14-07-09,348,0,348,348,348
13-07-09,348,0,348,348,348
10-07-09,348,0,348,348,348
09-07-09,348,0,348,348,348
08-07-09,348,0,348,348,348
07-07-09,348,0,348,348,348
06-07-09,348,0,348,348,348
02-07-09,348,0,348,348,348
01-07-09,348,0,348,348,348
30-06-09,348,0,348,348,348
29-06-09,348,0,348,348,348
26-06-09,348,0,348,348,348
25-06-09,348,0,348,348,348
24-06-09,348,0,348,348,348
23-06-09,348,0,348,348,348
22-06-09,348,0,348,348,348
19-06-09,348,0,348,348,348
18-06-09,348,0,348,348,348
17-06-09,348,0,348,348,348
16-06-09,348,0,348,348,348
15-06-09,348,0,348,348,348
12-06-09,348,2,348,348,348
11-06-09,360,0,360,360,360
10-06-09,360,0,360,360,360
09-06-09,360,0,360,360,360
08-06-09,360,0,360,360,360
05-06-09,360,0,360,360,360
04-06-09,360,0,360,360,360
03-06-09,360,0,360,360,360
02-06-09,360,30,360,360,360
01-06-09,295,0,295,295,295
29-05-09,295,0,295,295,295
28-05-09,295,25,295,295,295
27-05-09,302.2295,0,302.2295,302.2295,302.2295
26-05-09,302.2295,0,302.2295,302.2295,302.2295
22-05-09,302.2295,0,302.2295,302.2295,302.2295
21-05-09,302.2295,0,302.2295,302.2295,302.2295
20-05-09,302.2295,0,302.2295,302.2295,302.2295
19-05-09,302.2295,7,302.2295,302.2295,302.2295
18-05-09,309,0,309,309,309
15-05-09,309,0,309,309,309
14-05-09,309,0,309,309,309
13-05-09,309,0,309,309,309
12-05-09,309,0,309,309,309
11-05-09,309,8,309,309,309
08-05-09,311,0,311,311,311
07-05-09,311,7,311,311,311
06-05-09,312.25,0,312.25,312.25,312.25
05-05-09,312.25,0,312.25,312.25,312.25
04-05-09,312.25,0,312.25,312.25,312.25
01-05-09,312.25,0,312.25,312.25,312.25
30-04-09,312.25,0,312.25,312.25,312.25
29-04-09,312.25,0,312.25,312.25,312.25
28-04-09,312.25,0,312.25,312.25,312.25
27-04-09,312.25,0,312.25,312.25,312.25
24-04-09,312.25,13,312.25,312.25,312.25
23-04-09,302.5,0,302.5,302.5,302.5
22-04-09,302.5,0,302.5,302.5,302.5
21-04-09,302.5,1,302.5,302.5,302.5
20-04-09,315,0,315,315,315
17-04-09,315,0,315,315,315
16-04-09,315,0,315,315,315
15-04-09,315,0,315,315,315
14-04-09,315,0,315,315,315
13-04-09,315,0,315,315,315
09-04-09,315,0,315,315,315
08-04-09,315,0,315,315,315
07-04-09,315,0,315,315,315
06-04-09,315,1,315,315,315
03-04-09,306,0,306,306,306
02-04-09,306,0,306,306,306
01-04-09,306,0,306,306,306
31-03-09,306,1,306,306,306
30-03-09,333,0,333,333,333
27-03-09,333,5,333,333,333
26-03-09,291,0,291,291,291
25-03-09,291,0,291,291,291
24-03-09,291,0,291,291,291
23-03-09,291,0,291,291,291
20-03-09,291,0,291,291,291
19-03-09,291,0,291,291,291
18-03-09,291,0,291,291,291
17-03-09,291,0,291,291,291
16-03-09,291,0,291,291,291
13-03-09,291,0,291,291,291
12-03-09,291,0,291,291,291
11-03-09,291,0,291,291,291
10-03-09,291,0,291,291,291
09-03-09,291,0,291,291,291
06-03-09,291,0,291,291,291
05-03-09,291,0,291,291,291
04-03-09,291,0,291,291,291
03-03-09,291,0,291,291,291
02-03-09,291,0,291,291,291
27-02-09,291,0,291,291,291
26-02-09,291,0,291,291,291
25-02-09,291,0,291,291,291
24-02-09,291,0,291,291,291
23-02-09,291,0,291,291,291
20-02-09,291,2,291,291,291
19-02-09,341,0,341,341,341
18-02-09,341,0,341,341,341
17-02-09,341,0,341,341,341
13-02-09,341,0,341,341,341
12-02-09,341,0,341,341,341
11-02-09,341,0,341,341,341
10-02-09,341,0,341,341,341
09-02-09,341,0,341,341,341
06-02-09,341,0,341,341,341
05-02-09,341,0,341,341,341
04-02-09,341,0,341,341,341
03-02-09,341,32,341,341,341
02-02-09,337.5,0,337.5,337.5,337.5
30-01-09,337.5,0,337.5,337.5,337.5
29-01-09,337.5,0,337.5,337.5,337.5
28-01-09,337.5,0,337.5,337.5,337.5
27-01-09,337.5,0,337.5,337.5,337.5
26-01-09,337.5,0,337.5,337.5,337.5
23-01-09,337.5,0,337.5,337.5,337.5
22-01-09,337.5,0,337.5,337.5,337.5
21-01-09,337.5,0,337.5,337.5,337.5
20-01-09,337.5,0,337.5,337.5,337.5
16-01-09,337.5,0,337.5,337.5,337.5
15-01-09,337.5,0,337.5,337.5,337.5
14-01-09,337.5,0,337.5,337.5,337.5
13-01-09,337.5,30,337.5,337.5,337.5
12-01-09,357,0,357,357,357
09-01-09,357,0,357,357,357
08-01-09,357,0,357,357,357
07-01-09,357,0,357,357,357
06-01-09,357,0,357,357,357
05-01-09,357,0,357,357,357
02-01-09,357,0,357,357,357
31-12-08,357,0,357,357,357
30-12-08,357,637,357,357,357
29-12-08,348.5,9,348.5,348.5,348.5
26-12-08,363,0,363,363,363
24-12-08,363,0,363,363,363
23-12-08,363,0,363,363,363
22-12-08,363,0,363,363,363
19-12-08,363,0,363,363,363
18-12-08,363,0,363,363,363
17-12-08,363,0,363,363,363
16-12-08,363,0,363,363,363
15-12-08,363,0,363,363,363
12-12-08,363,0,363,363,363
11-12-08,363,0,363,363,363
10-12-08,363,0,363,363,363
09-12-08,363,0,363,363,363
08-12-08,363,0,363,363,363
05-12-08,363,0,363,363,363
04-12-08,363,0,363,363,363
03-12-08,363,0,363,363,363
02-12-08,363,0,363,363,363
01-12-08,363,0,363,363,363
28-11-08,363,50,363,363,363
26-11-08,454,0,454,454,454
25-11-08,454,0,454,454,454
24-11-08,454,0,454,454,454
21-11-08,454,1450,454,454,454
20-11-08,513.5,0,513.5,513.5,513.5
19-11-08,513.5,0,513.5,513.5,513.5
18-11-08,513.5,0,513.5,513.5,513.5
17-11-08,513.5,0,513.5,513.5,513.5
14-11-08,513.5,0,513.5,513.5,513.5
13-11-08,513.5,0,513.5,513.5,513.5
12-11-08,513.5,2,513.5,513.5,513.5
11-11-08,520,0,520,520,520
10-11-08,520,0,520,520,520
07-11-08,520,0,520,520,520
06-11-08,520,1098,520,520,520
05-11-08,464.0399,0,464.0399,464.0399,464.0399
04-11-08,464.0399,100,464.0399,464.0399,464.0399
03-11-08,547,1,547,547,547
31-10-08,716,1,716,716,716
30-10-08,715,0,715,715,715
29-10-08,715,5,715,715,715
28-10-08,1050,21447,849,1080,840
27-10-08,500,1892,507,677,500
24-10-08,305,0,305,305,305
23-10-08,305,0,305,305,305
22-10-08,305,850,305,305,305
21-10-08,368,0,368,368,368
20-10-08,368,51,368,368,368
17-10-08,512,0,512,512,512
16-10-08,512,0,512,512,512
15-10-08,512,20,512,512,512
14-10-08,385,0,385,385,385
13-10-08,385,0,385,385,385
10-10-08,385,0,385,385,385
09-10-08,385,200,385,385,385
08-10-08,400,1500,400,400,400
07-10-08,445,100,445,445,445
06-10-08,380,0,380,380,380
03-10-08,380,2100,380,383,380
02-10-08,377,0,377,377,377
01-10-08,377,0,377,377,377
30-09-08,377,0,377,377,377
29-09-08,377,0,377,377,377
26-09-08,377,3,377,377,377
25-09-08,373.5718,0,373.5718,373.5718,373.5718
24-09-08,373.5718,0,373.5718,373.5718,373.5718
23-09-08,373.5718,0,373.5718,373.5718,373.5718
22-09-08,373.5718,0,373.5718,373.5718,373.5718
19-09-08,373.5718,195,373.5718,373.5718,373.5718
18-09-08,425,5906,425,425.5,409.25
17-09-08,285,0,285,285,285
16-09-08,285,0,285,285,285
15-09-08,285,5,285,285,285
12-09-08,287.5,0,287.5,287.5,287.5
11-09-08,287.5,0,287.5,287.5,287.5
10-09-08,287.5,50,287.5,287.5,287.5
09-09-08,295,0,295,295,295
08-09-08,295,0,295,295,295
05-09-08,295,0,295,295,295
04-09-08,295,0,295,295,295
03-09-08,295,0,295,295,295
02-09-08,295,0,295,295,295
29-08-08,295,0,295,295,295
28-08-08,295,0,295,295,295
27-08-08,295,0,295,295,295
26-08-08,295,0,295,295,295
25-08-08,295,0,295,295,295
22-08-08,295,0,295,295,295
21-08-08,295,50,295,295,295
20-08-08,296.5,0,296.5,296.5,296.5
19-08-08,296.5,55,296.5,296.5,296.5
18-08-08,301,3,301,301,301
15-08-08,301.5,0,301.5,301.5,301.5
14-08-08,301.5,0,301.5,301.5,301.5
13-08-08,301.5,0,301.5,301.5,301.5
12-08-08,301.5,0,301.5,301.5,301.5
11-08-08,301.5,0,301.5,301.5,301.5
08-08-08,301.5,0,301.5,301.5,301.5
07-08-08,301.5,0,301.5,301.5,301.5
06-08-08,301.5,0,301.5,301.5,301.5
05-08-08,301.5,0,301.5,301.5,301.5
04-08-08,301.5,18,301.5,301.5,301.5
01-08-08,326.5,0,326.5,326.5,326.5
31-07-08,326.5,0,326.5,326.5,326.5
30-07-08,326.5,0,326.5,326.5,326.5
29-07-08,326.5,0,326.5,326.5,326.5
28-07-08,326.5,0,326.5,326.5,326.5
25-07-08,326.5,0,326.5,326.5,326.5
24-07-08,326.5,10,326.5,326.5,326.5
23-07-08,302.25,0,302.25,302.25,302.25
22-07-08,302.25,0,302.25,302.25,302.25
21-07-08,302.25,100,302.25,302.25,302.25
18-07-08,266,0,266,266,266
17-07-08,266,0,266,266,266
16-07-08,266,0,266,266,266
15-07-08,266,0,266,266,266
14-07-08,266,0,266,266,266
11-07-08,266,0,266,266,266
10-07-08,266,25,266,266,266
09-07-08,287,0,287,287,287
08-07-08,287,0,287,287,287
07-07-08,287,0,287,287,287
03-07-08,287,0,287,287,287
02-07-08,287,0,287,287,287
01-07-08,287,0,287,287,287
30-06-08,287,0,287,287,287
27-06-08,287,0,287,287,287
26-06-08,287,0,287,287,287
25-06-08,287,0,287,287,287
24-06-08,287,0,287,287,287
23-06-08,287,0,287,287,287
20-06-08,287,0,287,287,287
19-06-08,287,0,287,287,287
18-06-08,287,0,287,287,287
17-06-08,287,0,287,287,287
16-06-08,287,0,287,287,287
13-06-08,287,0,287,287,287
12-06-08,287,0,287,287,287
11-06-08,287,0,287,287,287
10-06-08,287,0,287,287,287
09-06-08,287,0,287,287,287
06-06-08,287,0,287,287,287
05-06-08,287,0,287,287,287
04-06-08,287,0,287,287,287
03-06-08,287,0,287,287,287
02-06-08,287,0,287,287,287
30-05-08,287,0,287,287,287
29-05-08,287,0,287,287,287
28-05-08,287,0,287,287,287
27-05-08,287,0,287,287,287
23-05-08,287,0,287,287,287
22-05-08,287,0,287,287,287
21-05-08,287,0,287,287,287
20-05-08,287,0,287,287,287
19-05-08,287,0,287,287,287
16-05-08,287,0,287,287,287
15-05-08,287,0,287,287,287
14-05-08,287,0,287,287,287
13-05-08,287,0,287,287,287
12-05-08,287,0,287,287,287
09-05-08,287,0,287,287,287
08-05-08,287,0,287,287,287
07-05-08,287,159,287,287,286.75
06-05-08,297,0,297,297,297
05-05-08,297,0,297,297,297
02-05-08,297,0,297,297,297
01-05-08,297,0,297,297,297
30-04-08,297,0,297,297,297
29-04-08,297,0,297,297,297
28-04-08,297,0,297,297,297
25-04-08,297,0,297,297,297
24-04-08,297,0,297,297,297
23-04-08,297,21,297,297,297
22-04-08,291,0,291,291,291
21-04-08,291,0,291,291,291
18-04-08,291,0,291,291,291
17-04-08,291,0,291,291,291
16-04-08,291,0,291,291,291
15-04-08,291,0,291,291,291
14-04-08,291,0,291,291,291
11-04-08,291,0,291,291,291
10-04-08,291,0,291,291,291
09-04-08,291,500,291,291,291
08-04-08,259,0,259,259,259
07-04-08,259,0,259,259,259
04-04-08,259,0,259,259,259
03-04-08,259,0,259,259,259
02-04-08,259,0,259,259,259
01-04-08,259,0,259,259,259
31-03-08,259,0,259,259,259
28-03-08,259,0,259,259,259
27-03-08,259,0,259,259,259
26-03-08,259,0,259,259,259
25-03-08,259,0,259,259,259
24-03-08,259,0,259,259,259
20-03-08,259,0,259,259,259
19-03-08,259,0,259,259,259
18-03-08,259,0,259,259,259
17-03-08,259,700,259,259,259
14-03-08,221,0,221,221,221
13-03-08,221,0,221,221,221
12-03-08,221,0,221,221,221
11-03-08,221,0,221,221,221
10-03-08,221,0,221,221,221
07-03-08,221,0,221,221,221
06-03-08,221,0,221,221,221
05-03-08,221,0,221,221,221
04-03-08,221,0,221,221,221
03-03-08,221,0,221,221,221
29-02-08,221,0,221,221,221
28-02-08,221,0,221,221,221
27-02-08,221,0,221,221,221
26-02-08,221,0,221,221,221
25-02-08,221,0,221,221,221
22-02-08,221,0,221,221,221
21-02-08,221,0,221,221,221
20-02-08,221,0,221,221,221
19-02-08,221,0,221,221,221
15-02-08,221,100,221,221,221
14-02-08,221.89,0,221.89,221.89,221.89
13-02-08,221.89,0,221.89,221.89,221.89
12-02-08,221.89,0,221.89,221.89,221.89
11-02-08,221.89,0,221.89,221.89,221.89
08-02-08,221.89,0,221.89,221.89,221.89
07-02-08,221.89,0,221.89,221.89,221.89
06-02-08,221.89,0,221.89,221.89,221.89
05-02-08,221.89,0,221.89,221.89,221.89
04-02-08,221.89,344,221.89,221.89,221.89
01-02-08,215,0,215,215,215
31-01-08,215,0,215,215,215
30-01-08,215,0,215,215,215
29-01-08,215,0,215,215,215
28-01-08,215,0,215,215,215
25-01-08,215,0,215,215,215
24-01-08,215,0,215,215,215
23-01-08,215,300,215,215,215
22-01-08,231.75,0,231.75,231.75,231.75
18-01-08,231.75,0,231.75,231.75,231.75
17-01-08,231.75,0,231.75,231.75,231.75
16-01-08,231.75,0,231.75,231.75,231.75
