"date","close","volume","open","high","low"
"16:00","100.69","7,166,644","101.34","101.91","100.34"
"2018/01/16","100.6900","6778686.0000","101.3400","101.9100","100.3400"
"2018/01/12","100.8700","6947800.0000","100.3900","101.4400","100.3000"
"2018/01/11","100.0200","6535828.0000","99.7000","100.4500","98.7800"
"2018/01/10","99.6700","7927986.0000","99.7500","99.8900","98.5300"
"2018/01/09","100.3900","7304431.0000","102.0300","102.3500","100.3100"
"2018/01/08","101.6100","8843089.0000","100.2500","101.7500","100.2100"
"2018/01/05","100.1300","7276194.0000","99.6400","100.3800","99.6100"
"2018/01/04","99.5400","6825358.0000","99.5400","99.7800","98.9110"
"2018/01/03","99.4500","8902771.0000","98.8500","100.0000","98.7700"
"2018/01/02","98.5900","10140910.0000","99.3000","99.7900","98.5200"
"2017/12/29","98.7500","7141406.0000","99.4000","99.6900","98.7500"
"2017/12/28","99.4000","9763665.0000","99.5200","99.6200","99.1200"
"2017/12/27","99.2600","5140764.0000","99.5600","99.6000","98.8299"
"2017/12/26","99.1600","4295593.0000","98.3500","99.4400","98.3500"
"2017/12/22","98.2100","5186034.0000","98.2900","98.4200","97.6800"
"2017/12/21","98.0600","6975874.0000","99.0000","99.3300","97.9800"
"2017/12/20","98.7500","10728850.0000","99.4500","99.6500","98.4500"
"2017/12/19","98.8000","12010720.0000","99.9100","99.9100","98.2900"
"2017/12/18","97.9000","7961358.0000","97.3800","98.1700","97.3600"
"2017/12/15","97.1100","16129820.0000","97.7100","98.4900","96.9100"
"2017/12/14","97.1300","8774851.0000","98.0000","98.5700","97.1000"
"2017/12/13","97.7600","7800719.0000","96.6600","97.9100","96.5500"
"2017/12/12","96.7000","7810468.0000","96.8500","97.2400","96.6000"
"2017/12/11","96.9300","8925347.0000","96.4400","97.2700","96.2900"
"2017/12/08","96.5500","5818356.0000","96.6700","96.7000","96.1380"
"2017/12/07","96.7800","7498316.0000","97.0600","97.5800","96.6500"
"2017/12/06","97.2800","7138716.0000","97.9900","98.1400","97.2401"
"2017/12/05","97.8300","9009041.0000","97.0000","97.9400","96.9200"
"2017/12/04","97.0100","8954996.0000","97.7300","97.9600","96.6750"
"2017/12/01","97.3500","8295610.0000","97.6100","97.7100","96.2300"
"2017/11/30","97.2300","12806240.0000","98.0900","98.4400","96.5100"
"2017/11/29","97.5600","11420670.0000","97.2200","98.2600","96.8800"
"2017/11/28","96.7700","8707660.0000","96.5900","96.8850","95.8200"
"2017/11/27","96.6200","8899204.0000","96.8500","97.6500","96.3000"
"2017/11/24","96.6200","4496117.0000","96.8700","97.2300","96.5300"
"2017/11/22","96.4100","8915077.0000","96.6500","96.8099","96.1100"
"2017/11/21","96.5200","12658680.0000","97.7400","97.9200","96.3200"
"2017/11/20","97.4800","16390550.0000","96.4400","97.6400","95.7600"
"2017/11/17","97.4700","23543230.0000","99.2400","100.1300","96.5800"
"2017/11/16","99.6200","38010300.0000","95.1200","99.6800","94.7200"
"2017/11/15","89.8300","8269435.0000","90.3400","90.8500","89.6500"
"2017/11/14","91.0900","9828732.0000","90.7000","91.2000","90.1800"
"2017/11/13","90.9900","8487816.0000","91.0400","91.9800","90.8700"
"2017/11/10","90.9200","7644924.0000","90.2400","91.6900","90.2000"
"2017/11/09","90.3000","6903621.0000","89.9400","90.5700","89.3500"
"2017/11/08","90.2600","6766963.0000","89.1100","90.4200","89.1000"
"2017/11/07","88.9500","5346721.0000","88.8700","89.0600","88.3100"
"2017/11/06","88.7000","5255652.0000","89.4200","89.6800","88.6800"
"2017/11/03","89.6800","6511866.0000","89.0200","89.8800","88.7600"
"2017/11/02","88.8000","5182434.0000","88.2800","89.1652","87.8000"
"2017/11/01","87.9400","6175367.0000","87.0700","88.3950","87.0000"
"2017/10/31","87.3100","5883374.0000","86.8600","87.4600","86.6000"
"2017/10/30","86.9500","7050513.0000","87.9400","87.9500","86.3910"
"2017/10/27","88.1700","6615977.0000","88.1400","88.3900","87.1500"
"2017/10/26","88.6200","6479496.0000","88.6600","89.1100","88.0200"
"2017/10/25","88.4800","6407329.0000","87.8500","88.6000","87.4300"
"2017/10/24","87.9800","7669568.0000","88.6900","88.8000","87.9100"
"2017/10/23","88.6500","10583210.0000","87.3400","88.9200","87.2600"
"2017/10/20","87.4400","7615060.0000","86.6000","87.4500","86.2800"
"2017/10/19","86.4000","6644627.0000","86.1500","86.6600","85.7659"
"2017/10/18","86.2200","5471506.0000","86.1500","86.3682","86.0100"
"2017/10/17","85.9800","5851119.0000","85.5000","86.3555","85.3210"
"2017/10/16","85.7400","9298532.0000","86.5800","86.6200","85.0200"
"2017/10/13","86.6200","9387625.0000","86.2400","86.9500","86.2400"
"2017/10/12","86.1000","12809140.0000","85.7000","86.3700","85.0600"
"2017/10/11","85.7300","18542650.0000","84.5800","86.2900","84.1000"
"2017/10/10","84.1300","25107570.0000","82.6800","84.8800","82.6100"
"2017/10/09","80.5300","13492240.0000","79.5000","81.3800","79.4010"
"2017/10/06","79.0000","6246152.0000","78.7800","79.1700","78.2500"
"2017/10/05","79.4100","5136032.0000","79.1700","79.8100","79.0800"
"2017/10/04","79.0900","6173231.0000","79.2700","79.7813","79.0700"
"2017/10/03","79.2200","7936311.0000","78.8300","79.6600","78.7500"
"2017/10/02","78.4500","7507962.0000","77.9000","78.8300","77.5000"
"2017/09/29","78.1400","10333690.0000","78.8500","79.0000","77.9800"
"2017/09/28","78.9500","12372830.0000","79.0000","79.0800","78.1200"
"2017/09/27","79.2900","6248921.0000","79.4200","79.5700","78.6700"
"2017/09/26","79.3900","5835332.0000","79.0400","79.5400","78.9200"
"2017/09/25","79.1500","8547788.0000","78.9200","80.1000","78.8600"
"2017/09/22","79.5300","5597400.0000","79.8900","80.0800","79.2450"
"2017/09/21","80.0100","6309302.0000","80.5700","80.5700","79.7200"
"2017/09/20","80.5000","5317877.0000","80.1700","80.5600","79.8700"
"2017/09/19","80.0500","6174241.0000","80.1800","80.4600","79.7000"
"2017/09/18","80.0000","8174790.0000","80.2100","81.1200","79.9500"
"2017/09/15","80.3800","13317280.0000","79.8100","80.7500","79.2700"
"2017/09/14","79.6800","6937787.0000","79.7900","79.8200","79.2150"
"2017/09/13","79.8600","8823696.0000","79.6100","80.6800","79.5900"
"2017/09/12","79.6100","6006850.0000","79.3000","79.9100","79.1700"
"2017/09/11","79.0800","7000202.0000","79.1500","79.3500","78.6600"
"2017/09/08","78.8800","9992765.0000","79.7400","79.8750","77.7300"
"2017/09/07","80.1200","6820652.0000","80.3200","80.7600","80.0000"
"2017/09/06","80.0800","8425487.0000","79.8800","80.4000","79.7200"
"2017/09/05","79.8000","12062230.0000","77.9500","79.8900","77.9000"
"2017/09/01","78.3700","6472211.0000","78.3100","78.5000","78.2100"
"2017/08/31","78.0700","8193354.0000","78.6000","78.7500","78.0600"
"2017/08/30","78.5400","5829609.0000","78.8200","79.1000","78.5200"
"2017/08/29","78.7700","7661710.0000","77.6700","78.9800","77.5000"
"2017/08/28","78.0300","8617671.0000","78.4100","78.4618","77.8600"
"2017/08/25","78.6300","9900015.0000","78.5000","79.0900","78.4800"
"2017/08/24","78.3400","19119840.0000","80.6100","80.8800","77.8500"
"2017/08/23","79.9600","7797090.0000","80.3500","80.5600","79.8800"
"2017/08/22","80.0200","6541111.0000","79.8000","80.1600","79.7100"
"2017/08/21","79.7100","9613665.0000","79.1200","80.0700","78.7900"
"2017/08/18","79.3100","9751802.0000","79.6200","80.3500","79.2800"
"2017/08/17","79.7000","17106770.0000","78.8500","79.8050","78.3300"
"2017/08/16","80.9800","11514170.0000","81.2700","81.4400","80.5400"
"2017/08/15","80.7700","7063122.0000","80.8300","81.4000","80.5400"
"2017/08/14","80.7000","7791808.0000","80.5900","81.2400","80.5000"
"2017/08/11","80.4000","7903816.0000","80.7300","81.2500","80.3600"
"2017/08/10","80.6600","7891006.0000","81.0700","81.4000","80.5500"
"2017/08/09","81.6100","6606160.0000","81.1100","81.9900","80.9010"
"2017/08/08","81.5900","7380217.0000","81.1700","81.8600","80.9000"
"2017/08/07","81.2800","5483987.0000","80.5700","81.4500","80.5400"
"2017/08/04","80.4800","7135455.0000","81.0600","81.4000","80.2100"
"2017/08/03","80.8700","9946425.0000","81.3400","81.7600","80.6700"
"2017/08/02","80.5300","8511033.0000","80.3400","81.1100","80.3000"
"2017/08/01","80.5000","5708909.0000","80.2500","80.7300","80.0000"
"2017/07/31","79.9900","6244495.0000","79.8200","80.3400","79.6950"
"2017/07/28","79.8100","4974914.0000","79.8000","79.9550","79.5350"
"2017/07/27","79.7800","7978264.0000","78.7200","79.8550","78.4800"
"2017/07/26","78.9000","6715905.0000","78.5500","79.1700","77.9400"
"2017/07/25","78.5200","11502940.0000","77.6100","78.8600","77.3900"
"2017/07/24","76.8900","7385343.0000","76.0300","77.1550","76.0300"
"2017/07/21","76.1500","7153009.0000","75.8400","76.2300","75.5500"
"2017/07/20","76.0200","4954011.0000","75.9800","76.2500","75.7000"
"2017/07/19","75.8700","5308099.0000","76.0800","76.2200","75.6000"
"2017/07/18","76.2000","4314654.0000","76.2500","76.5429","76.0000"
"2017/07/17","76.3700","8835093.0000","76.2900","76.8700","76.1900"
"2017/07/14","76.3400","9151427.0000","76.2700","76.5550","75.9100"
"2017/07/13","75.0500","8159071.0000","74.6700","75.2500","74.5100"
"2017/07/12","73.9400","5700157.0000","73.6600","74.2100","73.6600"
"2017/07/11","73.4700","7531080.0000","73.3800","74.0500","73.3300"
"2017/07/10","73.2300","15055410.0000","75.1500","75.3100","73.1300"
"2017/07/07","75.3300","5175657.0000","75.6500","75.8200","75.0500"
"2017/07/06","75.4700","6161845.0000","75.3500","75.9700","75.2400"
"2017/07/05","75.3200","6037503.0000","75.5500","75.9500","75.1650"
"2017/07/03","75.3600","4848564.0000","75.8400","76.3400","75.0800"
"2017/06/30","75.6800","6962105.0000","76.0800","76.2700","75.6700"
"2017/06/29","75.9300","7061943.0000","76.2500","76.3200","75.4850"
"2017/06/28","76.5100","6988770.0000","76.2500","76.8000","76.1400"
"2017/06/27","76.0100","6454256.0000","75.5200","76.3700","75.4500"
"2017/06/26","75.5000","8578866.0000","74.9500","75.9300","74.9200"
"2017/06/23","74.8400","13079700.0000","75.6000","75.7800","74.5500"
"2017/06/22","75.5200","8111082.0000","76.0300","76.0600","75.3000"
"2017/06/21","76.2400","9011169.0000","75.6000","76.6050","75.5800"
"2017/06/20","75.5400","10009760.0000","75.8800","75.9200","75.3200"
"2017/06/19","75.5000","15992920.0000","75.3800","76.0100","74.5200"
"2017/06/16","75.2400","56225340.0000","73.9500","75.5000","73.2900"
"2017/06/15","78.9100","11237730.0000","79.1800","79.3000","77.7600"
"2017/06/14","79.9000","5000516.0000","79.5200","80.0350","79.2600"
"2017/06/13","79.5200","5528015.0000","79.2100","79.5700","78.8900"
"2017/06/12","79.2400","10410460.0000","79.4000","80.3700","78.8400"
"2017/06/09","79.4200","9404945.0000","79.0300","79.5600","78.7200"
"2017/06/08","78.9300","10909290.0000","79.5800","80.1300","78.2300"
"2017/06/07","79.1500","8511319.0000","79.0800","79.5000","78.7330"
"2017/06/06","78.9300","11524010.0000","79.4300","79.5600","78.2600"
"2017/06/05","80.2600","10145500.0000","79.6000","80.4750","79.4800"
"2017/06/02","79.6200","7990296.0000","79.8000","79.9300","79.2200"
"2017/06/01","79.8100","8151754.0000","78.6400","79.8100","78.6000"
"2017/05/31","78.6000","8199746.0000","78.3500","78.9200","78.2200"
"2017/05/30","78.1500","5410216.0000","78.0000","78.4000","77.9300"
"2017/05/26","78.1300","6125498.0000","78.3700","78.5399","77.7900"
"2017/05/25","78.3100","6134658.0000","78.3600","78.8500","78.1500"
"2017/05/24","78.1500","7502371.0000","78.5600","78.6053","78.1400"
"2017/05/23","78.4900","7584727.0000","78.5800","78.9700","78.4400"
"2017/05/22","78.5500","8893180.0000","78.6500","79.0000","78.2950"
"2017/05/19","78.7700","18472750.0000","77.9700","79.4400","77.7700"
"2017/05/18","77.5400","19155180.0000","76.8900","77.6600","76.1300"
"2017/05/17","75.1200","10961940.0000","75.0500","75.7300","74.9600"
"2017/05/16","75.1100","8370850.0000","76.1900","76.2700","75.0800"
"2017/05/15","76.2900","8815520.0000","75.8000","76.4700","75.8000"
"2017/05/12","75.7100","5892504.0000","75.9500","76.2500","75.3700"
"2017/05/11","76.1300","8349363.0000","76.3500","76.7200","75.9250"
"2017/05/10","76.7000","7511819.0000","76.3300","76.7800","76.1902"
"2017/05/09","76.7200","8254257.0000","76.4400","77.0500","76.3300"
"2017/05/08","76.1200","6511876.0000","76.5000","76.5200","76.0700"
"2017/05/05","76.5000","5589219.0000","76.4200","76.6043","76.1800"
"2017/05/04","76.3400","5500802.0000","75.9300","76.3950","75.8300"
"2017/05/03","75.7600","5523360.0000","75.4000","75.8800","75.1775"
"2017/05/02","75.5200","7232774.0000","75.3000","75.7100","75.2500"
"2017/05/01","75.2300","6165373.0000","75.0900","75.7150","75.0900"
"2017/04/28","75.1800","7326289.0000","75.2400","75.4400","74.9300"
"2017/04/27","75.4400","6052154.0000","75.5400","75.7000","75.0200"
"2017/04/26","75.4300","6948200.0000","75.2700","75.7663","75.1700"
"2017/04/25","75.0500","5720035.0000","74.9700","75.1700","74.8600"
"2017/04/24","74.7800","7808235.0000","75.0800","75.4000","74.4200"
"2017/04/21","74.9400","5753531.0000","74.7400","75.1100","74.6000"
"2017/04/20","74.8000","7680946.0000","74.1400","75.1100","74.1100"
"2017/04/19","74.0700","5938126.0000","74.1000","74.3800","73.8600"
"2017/04/18","73.8900","6627897.0000","73.5400","74.1000","73.4800"
"2017/04/17","73.4900","5465288.0000","73.1600","73.5800","73.1500"
"2017/04/13","73.1500","5331537.0000","73.3700","73.6550","73.1500"
"2017/04/12","73.4400","6626783.0000","73.5500","73.8300","73.2500"
"2017/04/11","73.4300","5810150.0000","73.0000","73.4500","72.9300"
"2017/04/10","73.0600","7492602.0000","72.9900","73.4800","72.7300"
"2017/04/07","72.9000","10766810.0000","72.1000","72.9900","71.8000"
"2017/04/06","71.4300","5940227.0000","71.7000","72.1000","71.3800"
"2017/04/05","71.6500","6348567.0000","71.6400","72.3100","71.5550"
"2017/04/04","72.0100","5566309.0000","71.7400","72.0600","71.5320"
"2017/04/03","71.8300","8291279.0000","72.0800","72.5300","71.7800"
"2017/03/31","72.0800","9939073.0000","71.3200","72.5600","71.2300"
"2017/03/30","71.5900","8139458.0000","70.6900","71.7200","70.6400"
"2017/03/29","70.7400","6990734.0000","70.3500","71.1800","70.3100"
"2017/03/28","70.3200","7252185.0000","69.3300","70.3700","69.3300"
"2017/03/27","69.6600","5784535.0000","69.5200","70.0700","69.3600"
"2017/03/24","69.6100","5858964.0000","69.9900","70.1700","69.5274"
"2017/03/23","69.8600","6894162.0000","70.2000","70.3100","69.7450"
"2017/03/22","70.2500","6453139.0000","70.0300","70.3400","69.7200"
"2017/03/21","69.9000","8747665.0000","70.1700","70.4000","69.6900"
"2017/03/20","69.9800","7466176.0000","70.1400","70.4500","69.7100"
"2017/03/17","69.8900","14066630.0000","70.5800","70.7501","69.8100"
"2017/03/16","70.4400","7008308.0000","70.1100","70.7000","70.0700"
"2017/03/15","70.5800","8809254.0000","70.5000","70.7000","70.0200"
"2017/03/14","70.7200","9957410.0000","70.8200","71.2050","70.7200"
"2017/03/13","69.9500","6680740.0000","69.9900","70.4500","69.7100"
"2017/03/10","70.1000","7095817.0000","70.0000","70.3650","69.8000"
"2017/03/09","69.8600","7563924.0000","69.7500","70.0400","69.5600"
"2017/03/08","69.8000","7979661.0000","69.6900","70.0300","69.5400"
"2017/03/07","69.8700","7282422.0000","69.9000","70.2100","69.8600"
"2017/03/06","69.8800","9180939.0000","70.0000","70.4350","69.7800"
"2017/03/03","70.0300","9300083.0000","70.8100","71.0200","69.8800"
"2017/03/02","70.7600","8913196.0000","70.4200","70.9000","70.1700"
"2017/03/01","70.4500","13510500.0000","70.9700","71.0800","70.1500"
"2017/02/28","70.9300","15952180.0000","70.8700","71.0000","70.0000"
"2017/02/27","71.7400","9254166.0000","72.2800","72.4200","71.5250"
"2017/02/24","72.3900","13881260.0000","71.3400","72.8000","71.3000"
"2017/02/23","71.3100","12797260.0000","72.0000","72.5000","71.1600"
"2017/02/22","71.7100","15223310.0000","72.2500","72.3700","71.4800"
"2017/02/21","71.4500","22410080.0000","71.2100","72.2800","70.7000"
"2017/02/17","69.3700","12834380.0000","68.8300","69.7850","68.6950"
"2017/02/16","68.8700","8413479.0000","68.6700","69.2400","68.6100"
"2017/02/15","68.6900","8562469.0000","67.7600","68.7100","67.7600"
"2017/02/14","68.6600","8459979.0000","67.8800","68.6800","67.7100"
"2017/02/13","67.7700","8341309.0000","68.3200","68.6500","67.5600"
"2017/02/10","68.0200","12445240.0000","68.2500","68.6000","67.7600"
"2017/02/09","69.0800","11080180.0000","67.8000","69.1400","67.7500"
"2017/02/08","67.8100","7660151.0000","66.8900","67.8200","66.8900"
"2017/02/07","66.8900","5805718.0000","66.5600","67.0000","66.5100"
"2017/02/06","66.4000","9096675.0000","66.3700","66.8650","66.3700"
"2017/02/03","66.5000","7608585.0000","66.8200","66.9300","66.4450"
"2017/02/02","66.7000","8998553.0000","66.3400","67.1400","66.3400"
"2017/02/01","66.2300","9046880.0000","66.4600","66.7139","66.0400"
"2017/01/31","66.7400","9318373.0000","66.2100","66.8900","65.8800"
"2017/01/30","66.4200","8634976.0000","65.6300","66.4800","65.6300"
"2017/01/27","65.6600","13433100.0000","66.8600","66.9700","65.2800"
"2017/01/26","66.7300","6497662.0000","67.1300","67.2239","66.6200"
"2017/01/25","66.8900","8692769.0000","67.5200","67.7300","66.7900"
"2017/01/24","67.4000","10399190.0000","66.8900","67.4100","66.6600"
"2017/01/23","66.6500","7932137.0000","67.0100","67.1799","66.5600"
"2017/01/20","67.1800","11743210.0000","67.7400","67.8300","67.0200"
"2017/01/19","67.6200","6780482.0000","68.1300","68.1900","67.4800"
"2017/01/18","68.1100","7319761.0000","67.8800","68.1100","67.5400"
"2017/01/17","68.4200","13160290.0000","68.0900","69.2900","68.0600"
"2017/01/13","67.1300","9997634.0000","67.9800","68.0200","67.0800"
"2017/01/12","67.9700","6543356.0000","68.3600","68.5600","67.9200"
"2017/01/11","68.5300","6683598.0000","68.2000","68.6200","68.1900"
"2017/01/10","68.2300","10241040.0000","68.6400","69.2700","68.2200"
"2017/01/09","68.7100","8667928.0000","68.3300","68.8000","68.3200"
"2017/01/06","68.2600","9481175.0000","68.4100","68.5000","68.0100"
"2017/01/05","69.2100","7099041.0000","68.4300","69.3300","68.1200"
"2017/01/04","69.0600","7897318.0000","68.6600","69.6300","68.6000"
"2017/01/03","68.6600","10467720.0000","69.2400","69.2400","68.0500"
"2016/12/30","69.1200","6889428.0000","69.1200","69.4300","68.8300"
"2016/12/29","69.2600","4297129.0000","69.2100","69.5200","69.1200"
"2016/12/28","69.3100","4816390.0000","69.9400","70.0000","69.2600"
"2016/12/27","69.7000","4435435.0000","69.3000","69.8150","69.2500"
"2016/12/23","69.5400","4803747.0000","69.4300","69.7490","69.3600"
"2016/12/22","69.5900","11177640.0000","71.2400","71.2400","69.2100"
"2016/12/21","71.2400","5093770.0000","71.6600","72.0000","71.2400"
"2016/12/20","71.8200","6108060.0000","71.7300","71.9332","71.5100"
"2016/12/19","71.5800","5887668.0000","70.8400","71.7490","70.8400"
"2016/12/16","70.9800","17832190.0000","71.0700","71.6400","70.5950"
"2016/12/15","71.0800","7129552.0000","71.2200","71.8000","71.0300"
"2016/12/14","71.3400","8668564.0000","71.9000","72.4800","71.1800"
"2016/12/13","71.8000","8772706.0000","71.6700","72.2300","71.6100"
"2016/12/12","71.6700","9062896.0000","70.0700","71.7800","70.0200"
"2016/12/09","70.0800","10752840.0000","70.2700","70.4300","69.7400"
"2016/12/08","70.3400","6844192.0000","70.4800","70.9000","70.3200"
"2016/12/07","70.6000","6966185.0000","69.9300","70.6500","69.9000"
"2016/12/06","70.3600","7767044.0000","70.0100","70.3900","69.5000"
"2016/12/05","69.9400","10511580.0000","70.9000","70.9900","69.8100"
"2016/12/02","70.8800","6668383.0000","70.5800","70.9500","70.4500"
"2016/12/01","70.6700","6849691.0000","70.2500","70.7300","70.0500"
"2016/11/30","70.4300","9324399.0000","70.9200","71.1600","70.1650"
"2016/11/29","71.3700","7310014.0000","71.3800","71.7900","71.2000"
"2016/11/28","71.1900","7090618.0000","70.9300","71.5200","70.8000"
"2016/11/25","71.2300","4234383.0000","71.1100","71.6500","70.9800"
"2016/11/23","70.8300","7442486.0000","70.2200","70.8850","70.1800"
"2016/11/22","70.1200","10984020.0000","69.7300","70.4200","69.7300"
"2016/11/21","69.3700","8338919.0000","68.6100","69.4000","68.4200"
"2016/11/18","68.5400","11120420.0000","68.9300","69.4000","68.4400"
"2016/11/17","69.1900","23410990.0000","69.0800","69.5200","68.1200"
"2016/11/16","71.3900","11179210.0000","71.7500","72.0600","71.3300"
"2016/11/15","71.4200","9715271.0000","70.7900","71.4200","70.3500"
"2016/11/14","70.4900","12910820.0000","71.1600","71.3100","70.1900"
"2016/11/11","71.2300","8214306.0000","71.1100","71.2800","70.6000"
"2016/11/10","71.3900","14315500.0000","71.2500","72.0900","71.0000"
"2016/11/09","71.1000","16765890.0000","69.3000","71.5000","69.2900"
"2016/11/08","69.7900","7619565.0000","69.7100","70.0400","69.4700"
"2016/11/07","69.7800","9751685.0000","69.6200","69.8400","69.1600"
"2016/11/04","69.1600","7260610.0000","69.7100","69.9400","69.1300"
"2016/11/03","69.6300","6803817.0000","69.6300","70.0800","69.3500"
"2016/11/02","69.4500","7645121.0000","69.2000","69.9700","69.2000"
"2016/11/01","69.3000","8832133.0000","69.9800","70.0600","69.1400"
"2016/10/31","70.0200","6389039.0000","70.0600","70.1700","69.8500"
"2016/10/28","69.9900","6948741.0000","69.8000","70.2100","69.7300"
"2016/10/27","69.8300","7128598.0000","69.6000","70.0000","69.3900"
"2016/10/26","69.5900","5046876.0000","69.3000","69.8100","69.1400"
"2016/10/25","69.3600","7629740.0000","69.0100","69.8700","69.0000"
"2016/10/24","69.1900","7156862.0000","68.6200","69.3700","68.3900"
"2016/10/21","68.3400","7838669.0000","68.3400","68.6300","67.9900"
"2016/10/20","68.7300","6286181.0000","68.9800","69.0800","68.5700"
"2016/10/19","68.8900","7114538.0000","69.2200","69.3400","68.6950"
"2016/10/18","68.8700","7846317.0000","68.5700","68.9800","68.2300"
"2016/10/17","68.2200","7493383.0000","68.6500","68.6500","67.8000"
"2016/10/14","68.4500","6415908.0000","68.4200","68.8100","68.2100"
"2016/10/13","68.2300","9187364.0000","67.1900","68.5400","67.0700"
"2016/10/12","67.4600","8938174.0000","67.7400","67.9100","67.3699"
"2016/10/11","67.3900","8585373.0000","67.9500","67.9600","67.3000"
"2016/10/10","67.9800","8981567.0000","68.7500","68.9600","67.7500"
"2016/10/07","68.7000","12647030.0000","69.2600","69.4700","68.1700"
"2016/10/06","69.3600","20091460.0000","70.2000","70.4300","68.8900"
"2016/10/05","71.6700","6461514.0000","71.8700","72.2650","71.6000"
"2016/10/04","71.7500","6569281.0000","72.0000","72.5700","71.5500"
"2016/10/03","72.0100","5857241.0000","71.8300","72.1450","71.6000"
"2016/09/30","72.1200","9972812.0000","71.5000","72.4550","71.4000"
"2016/09/29","70.7300","7985141.0000","71.5700","71.7100","70.6200"
"2016/09/28","71.7900","6181257.0000","72.2200","72.3200","71.3800"
"2016/09/27","72.3300","6338722.0000","71.9300","72.4900","71.5800"
"2016/09/26","71.6200","5940950.0000","72.3100","72.3300","71.5200"
"2016/09/23","72.3500","7695833.0000","72.6000","72.7700","72.3400"
"2016/09/22","72.2700","5868717.0000","72.4300","72.5400","71.9900"
"2016/09/21","72.1900","6670867.0000","72.1800","72.5400","71.5126"
"2016/09/20","71.9700","5910175.0000","72.1500","72.5500","71.9000"
"2016/09/19","72.0900","6913585.0000","72.6400","72.8700","72.0900"
"2016/09/16","72.8700","13929810.0000","72.3200","72.9600","72.2200"
"2016/09/15","72.4000","7328870.0000","71.4800","72.5600","71.2600"
"2016/09/14","71.5200","6980440.0000","71.6200","72.0600","71.4000"
"2016/09/13","71.4600","7507686.0000","71.8400","71.9100","71.1500"
"2016/09/12","71.9400","10854110.0000","70.7900","72.2400","70.7200"
"2016/09/09","70.3000","12154090.0000","71.3200","71.5099","70.3000"
"2016/09/08","71.8300","9661152.0000","71.8900","72.3200","71.7100"
"2016/09/07","72.0600","9617926.0000","73.0000","73.0500","72.0100"
"2016/09/06","73.0000","9568405.0000","72.7600","73.0800","72.2000"
"2016/09/02","72.5000","8082939.0000","72.9900","73.1900","72.4150"
"2016/09/01","72.8400","11751440.0000","71.5700","72.8600","71.4100"
"2016/08/31","71.4400","6311613.0000","71.4600","71.6400","71.1500"
"2016/08/30","71.3100","5772930.0000","71.7600","71.7600","71.1500"
"2016/08/29","71.4000","7467180.0000","71.1400","71.6600","71.1000"
"2016/08/26","71.1400","10038460.0000","71.4100","71.6900","70.8900"
"2016/08/25","71.2200","10513870.0000","72.3700","72.5800","71.0500"
"2016/08/24","72.2300","10047500.0000","71.9700","72.7500","71.7600"
"2016/08/23","71.9700","9390570.0000","72.8900","73.0700","71.9600"
"2016/08/22","72.7000","10309010.0000","73.0600","73.1400","72.4500"
"2016/08/19","72.8100","15246870.0000","74.1000","74.2900","72.6700"
"2016/08/18","74.3000","26855610.0000","74.9400","75.1900","73.8700"
"2016/08/17","72.9300","14325640.0000","71.9900","72.9500","71.9900"
"2016/08/16","72.8900","9762484.0000","72.5900","73.3100","72.2100"
"2016/08/15","73.3200","9632209.0000","73.8100","74.0100","73.1100"
"2016/08/12","73.8900","9993651.0000","73.8000","74.1200","73.5600"
"2016/08/11","73.8000","6289428.0000","74.5000","74.8000","73.5300"
"2016/08/10","73.9500","8044167.0000","73.5700","74.5100","73.3900"
"2016/08/09","73.5400","6426463.0000","73.3600","73.8800","73.0800"
"2016/08/08","73.3400","6576764.0000","74.0000","74.0700","73.0400"
"2016/08/05","73.7600","5403996.0000","73.4600","73.9500","73.4600"
"2016/08/04","73.3000","4907583.0000","72.8000","73.4900","72.5900"
"2016/08/03","72.9400","6567366.0000","73.0000","73.4000","72.5100"
"2016/08/02","73.1300","6510576.0000","73.7000","73.7200","72.6300"
"2016/08/01","73.7800","5866116.0000","72.8100","73.9900","72.8100"
"2016/07/29","72.9700","6302187.0000","73.1700","73.2500","72.7600"
"2016/07/28","73.2400","4603137.0000","73.1400","73.3200","72.4700"
"2016/07/27","73.3200","5771467.0000","73.6600","73.8200","73.1350"
"2016/07/26","73.7300","5242513.0000","73.7100","74.0700","73.4100"
"2016/07/25","73.7500","4733874.0000","73.5500","73.8350","73.4100"
"2016/07/22","73.5500","4316633.0000","73.7600","73.9100","73.4200"
"2016/07/21","73.5200","4432151.0000","73.4300","73.6560","73.1400"
"2016/07/20","73.7900","5281885.0000","73.8800","74.1100","73.6300"
"2016/07/19","73.6600","4797883.0000","73.6400","73.9600","73.5850"
"2016/07/18","73.8400","5457237.0000","73.6400","74.1800","73.5300"
"2016/07/15","73.6700","5994380.0000","73.9800","74.0100","73.4400"
"2016/07/14","73.7000","6640921.0000","73.7900","74.1100","73.6100"
"2016/07/13","73.6200","6393504.0000","73.2500","73.6300","72.9400"
"2016/07/12","73.2700","12348480.0000","73.5600","73.7300","73.0000"
"2016/07/11","74.0600","9032822.0000","73.6700","74.3500","73.5000"
"2016/07/08","73.8400","9126311.0000","73.8200","73.8500","73.2400"
"2016/07/07","73.5300","7480831.0000","73.7300","73.9321","73.1500"
"2016/07/06","73.8200","11056920.0000","73.2600","73.9800","73.1700"
"2016/07/05","73.1400","10628680.0000","72.7500","73.6200","72.6800"
"2016/07/01","72.8100","7637721.0000","73.1300","73.1700","72.4150"
"2016/06/30","73.0200","8712829.0000","72.5700","73.1950","72.3200"
"2016/06/29","72.4600","7013881.0000","71.6300","72.4900","71.5600"
"2016/06/28","71.5100","8561106.0000","71.7600","71.8700","70.6700"
"2016/06/27","71.5000","11344560.0000","71.6400","71.7700","70.8750"
"2016/06/24","71.9600","15111310.0000","70.5500","72.7200","70.5100"
"2016/06/23","72.1000","6965793.0000","72.2000","72.2400","71.7850"
"2016/06/22","71.7500","8448218.0000","71.6000","72.2500","71.5650"
"2016/06/21","71.4600","6674564.0000","70.9500","71.7200","70.9500"
"2016/06/20","71.1000","7142215.0000","71.3100","71.7800","71.0500"
"2016/06/17","70.9500","18058930.0000","71.0500","71.3100","70.4000"
"2016/06/16","71.3000","6701745.0000","71.0000","71.4600","70.8000"
"2016/06/15","71.1200","8010090.0000","71.2000","71.6150","71.0000"
"2016/06/14","70.9500","9059671.0000","70.6600","71.1700","70.2000"
"2016/06/13","70.5300","7907455.0000","71.0000","71.1800","70.4850"
"2016/06/10","71.1400","7511335.0000","71.0000","71.4100","70.6800"
"2016/06/09","71.0900","6065366.0000","71.3600","71.5900","70.8500"
"2016/06/08","71.2800","6120862.0000","70.8500","71.4500","70.8000"
"2016/06/07","71.0300","7311417.0000","71.1000","71.3100","70.8500"
"2016/06/06","71.0500","9015831.0000","71.5200","71.5500","71.0000"
"2016/06/03","70.8700","6369130.0000","70.5700","71.0500","70.5200"
"2016/06/02","70.9500","6502846.0000","70.5000","71.0000","70.1450"
"2016/06/01","70.5000","7221047.0000","70.5000","70.9050","70.4100"
"2016/05/31","70.7800","8389098.0000","70.5800","71.0000","70.4800"
"2016/05/27","70.7500","5773664.0000","70.8600","70.8900","70.4900"
"2016/05/26","70.8500","8691924.0000","70.6900","71.3750","70.6000"
"2016/05/25","70.4800","7263874.0000","70.2500","70.9950","70.2400"
"2016/05/24","70.2400","8826271.0000","69.6500","70.4200","69.5500"
"2016/05/23","69.5000","10098310.0000","69.6000","70.0600","69.4400"
"2016/05/20","69.8600","16690410.0000","69.3300","70.1400","68.8500"
"2016/05/19","69.2000","34965660.0000","68.1000","69.3300","67.5000"
"2016/05/18","63.1500","22226970.0000","63.0200","63.7770","62.7200"
"2016/05/17","65.1000","9252500.0000","66.0600","66.2700","64.8800"
"2016/05/16","66.0200","10171350.0000","64.8600","66.3500","64.6800"
"2016/05/13","64.9400","13744200.0000","66.4800","66.5500","64.6500"
"2016/05/12","66.8500","9533351.0000","66.5500","67.0500","66.3800"
"2016/05/11","66.4100","14592520.0000","67.4700","67.5000","65.6100"
"2016/05/10","68.7900","6400988.0000","68.9200","69.1300","68.4500"
"2016/05/09","68.9500","8624241.0000","68.2500","69.1000","68.1600"
"2016/05/06","68.2500","9824875.0000","66.9100","68.2600","66.8000"
"2016/05/05","67.2100","8089888.0000","66.9700","67.2500","66.5800"
"2016/05/04","67.1900","6029418.0000","66.8500","67.4900","66.4400"
"2016/05/03","67.0000","5922319.0000","66.8600","67.4950","66.7500"
"2016/05/02","67.5900","7609525.0000","66.6200","67.7000","66.5300"
"2016/04/29","66.8700","12083320.0000","68.7300","68.8200","66.3600"
"2016/04/28","68.9100","4775923.0000","69.0700","69.6200","68.7500"
"2016/04/27","69.4200","5146988.0000","69.4900","69.7800","68.9900"
"2016/04/26","69.3000","6648430.0000","69.7000","69.8899","69.1000"
"2016/04/25","69.4700","5891904.0000","68.5500","69.5000","68.0600"
"2016/04/22","68.7200","6215117.0000","68.8200","68.9400","68.2800"
"2016/04/21","68.4700","6610168.0000","69.4700","69.6800","68.2400"
"2016/04/20","69.2100","5406620.0000","69.7600","69.9900","69.1310"
"2016/04/19","69.7700","8134158.0000","69.7900","70.0800","69.5000"
"2016/04/18","69.8600","6622052.0000","69.0500","69.9000","68.8500"
"2016/04/15","69.0600","7584493.0000","68.9400","69.4100","68.9400"
"2016/04/14","68.8000","6977126.0000","69.1500","69.2400","68.1500"
"2016/04/13","69.1500","6262658.0000","69.0100","69.4200","68.8700"
"2016/04/12","68.8000","7732677.0000","67.5700","68.8700","67.4500"
"2016/04/11","67.4000","7862563.0000","68.0100","68.3700","67.3800"
"2016/04/08","68.0600","6515443.0000","68.3100","68.3900","67.8600"
"2016/04/07","68.2200","6110467.0000","68.8300","68.9300","67.9450"
"2016/04/06","69.0400","5362697.0000","68.7000","69.0600","68.5200"
"2016/04/05","68.6400","5778838.0000","69.0300","69.2500","68.2700"
"2016/04/04","69.1000","6823358.0000","69.0000","69.3700","68.9200"
"2016/04/01","69.0600","6602174.0000","68.0200","69.2000","68.0200"
"2016/03/31","68.4900","6283487.0000","68.7500","69.1900","68.4700"
"2016/03/30","68.8000","7208443.0000","68.3300","69.0000","68.2900"
"2016/03/29","68.0300","6490046.0000","68.1500","68.2091","67.4300"
"2016/03/28","68.1200","5598490.0000","67.9300","68.5750","67.9300"
"2016/03/24","68.0000","6303522.0000","67.4300","68.0400","67.3800"
"2016/03/23","67.4600","6109951.0000","68.0100","68.1000","67.4400"
"2016/03/22","67.8700","7514506.0000","68.0000","68.6800","67.7900"
"2016/03/21","67.9700","9409947.0000","67.0300","68.3800","66.9700"
"2016/03/18","66.9500","23166550.0000","67.4800","68.0300","66.7500"
"2016/03/17","67.4500","11832900.0000","67.8200","68.9200","67.2600"
"2016/03/16","67.9900","8217421.0000","67.9400","68.3400","67.2500"
"2016/03/15","68.0900","7565895.0000","67.0000","68.3490","67.0000"
"2016/03/14","67.3600","6712395.0000","67.1500","67.6700","66.9600"
"2016/03/11","67.1700","8290860.0000","67.7700","67.9400","66.8000"
"2016/03/10","67.4100","10223550.0000","67.5500","68.0350","66.4000"
"2016/03/09","67.5300","7824589.0000","67.7900","67.9900","67.1200"
"2016/03/08","68.0400","10066450.0000","67.7300","68.4700","67.4850"
"2016/03/07","67.8900","12824580.0000","66.6200","68.4800","66.2700"
"2016/03/04","66.7800","10010320.0000","66.1400","67.2800","66.0900"
"2016/03/03","66.1400","11845490.0000","65.9500","66.2000","64.8800"
"2016/03/02","66.2100","9163358.0000","66.2100","66.6700","66.0000"
"2016/03/01","66.4600","10427930.0000","66.6500","66.8900","66.0000"
"2016/02/29","66.3400","9343504.0000","66.6300","66.9500","66.2200"
"2016/02/26","66.5100","10980040.0000","68.0800","68.2000","66.3000"
"2016/02/25","68.0400","9579014.0000","67.4500","68.1300","67.3300"
"2016/02/24","67.1200","10286800.0000","66.1900","67.3300","65.7200"
"2016/02/23","66.4800","11431990.0000","65.8400","66.6000","65.2800"
"2016/02/22","65.6300","10581780.0000","64.9600","66.1350","64.9600"
"2016/02/19","64.6600","15453820.0000","63.8900","64.7650","63.4400"
"2016/02/18","64.1200","27891440.0000","63.7400","64.7800","62.3500"
"2016/02/17","66.1100","12407460.0000","66.1000","66.6100","65.8100"
"2016/02/16","65.9000","11339240.0000","66.6100","66.8000","65.5000"
"2016/02/12","66.1800","9692145.0000","65.5200","66.2500","64.8700"
"2016/02/11","65.3200","11185410.0000","65.0200","65.7600","64.7800"
"2016/02/10","65.7900","9708981.0000","66.1900","66.5900","65.6450"
"2016/02/09","65.8100","14641250.0000","65.4900","66.4100","64.6800"
"2016/02/08","66.9000","20743400.0000","66.5000","67.1500","65.1630"
"2016/02/05","67.0000","14184960.0000","66.8600","67.5300","65.8800"
"2016/02/04","66.4200","12833160.0000","65.7600","66.5500","65.0100"
"2016/02/03","66.2700","12315270.0000","67.3100","67.5000","65.0700"
"2016/02/02","66.8600","13585050.0000","67.3000","67.8400","66.2800"
"2016/02/01","67.5000","14564690.0000","65.9100","67.9300","65.8900"
"2016/01/29","66.3600","16430810.0000","64.7500","66.5300","64.7400"
"2016/01/28","64.2200","11273040.0000","64.0300","64.5100","63.4300"
"2016/01/27","63.9500","10213800.0000","64.1000","65.1800","63.8900"
"2016/01/26","64.0000","9438146.0000","63.3600","64.4700","63.2600"
"2016/01/25","63.4500","12800770.0000","62.7800","63.8200","62.5500"
"2016/01/22","62.6900","9188005.0000","62.4400","63.2600","62.1300"
"2016/01/21","61.8800","12084100.0000","60.9800","62.7900","60.9100"
"2016/01/20","60.8400","17367770.0000","61.8000","62.3300","60.2000"
"2016/01/19","62.5600","13038220.0000","62.2500","62.8000","62.0100"
"2016/01/15","61.9300","15168420.0000","61.5500","62.4700","61.2600"
"2016/01/14","63.0600","12933560.0000","62.0000","63.6200","61.8200"
"2016/01/13","61.9200","13719970.0000","63.7300","63.7300","61.8300"
"2016/01/12","63.6200","12186280.0000","64.3800","64.7300","63.4310"
"2016/01/11","64.2200","12652520.0000","63.7600","64.4650","63.6250"
"2016/01/08","63.5400","17743390.0000","65.0800","65.4100","63.4100"
"2016/01/07","65.0300","26423190.0000","62.9700","65.2300","62.9200"
"2016/01/06","63.5500","16558350.0000","62.4800","63.9500","62.4700"
"2016/01/05","62.9200","13316820.0000","62.0300","63.0500","61.8500"
"2016/01/04","61.4600","11980320.0000","60.5000","61.4900","60.3600"
"2015/12/31","61.3000","6574441.0000","61.3300","61.7200","61.1700"
"2015/12/30","61.6800","5715732.0000","61.6600","61.8700","61.4900"
"2015/12/29","61.6100","7882743.0000","61.0000","61.7500","60.9800"
"2015/12/28","60.7500","5420834.0000","60.5800","60.9700","60.5000"
"2015/12/24","60.8300","2483121.0000","60.7800","61.1000","60.6800"
"2015/12/23","61.0900","7511797.0000","61.0000","61.1200","60.4400"
"2015/12/22","60.5400","9254569.0000","59.7900","60.7000","59.6100"
"2015/12/21","59.5500","9644889.0000","58.8200","59.5800","58.6700"
"2015/12/18","58.8500","16234300.0000","58.9300","59.4000","58.7500"
"2015/12/17","58.9800","12961740.0000","60.3300","60.3300","58.9700"
"2015/12/16","60.3000","9944355.0000","60.1100","60.6500","59.7000"
"2015/12/15","59.6400","14614190.0000","60.6400","60.8400","59.5700"
"2015/12/14","60.3900","14508370.0000","59.3000","60.4400","59.0700"
"2015/12/11","59.3600","9736793.0000","59.0500","59.5300","58.8100"
"2015/12/10","59.5600","11359100.0000","59.1300","60.0900","59.0900"
"2015/12/09","59.1300","8981980.0000","59.2600","60.1100","58.9000"
"2015/12/08","59.6100","10376840.0000","60.0700","60.4900","59.5000"
"2015/12/07","60.5000","11595470.0000","59.5700","60.7300","59.5700"
"2015/12/04","59.6600","10433970.0000","59.0500","59.8500","59.0300"
"2015/12/03","59.0400","15843880.0000","58.6900","59.6600","58.5950"
"2015/12/02","58.3500","13586070.0000","58.6100","59.2900","58.3150"
"2015/12/01","58.9900","12196380.0000","59.1300","59.2900","58.6500"
"2015/11/30","58.8400","14856320.0000","59.8700","60.0600","58.7300"
"2015/11/27","59.8900","5340915.0000","60.4400","60.6900","59.8700"
"2015/11/25","60.2400","7820553.0000","60.0000","60.7100","59.8750"
"2015/11/24","59.9200","12450230.0000","59.9500","60.4150","59.8600"
"2015/11/23","60.2600","10573840.0000","60.2900","60.7350","59.8800"
"2015/11/20","60.0700","12226860.0000","60.9800","61.4700","60.0200"
"2015/11/19","60.7000","11565070.0000","61.1200","61.3600","60.4300"
"2015/11/18","60.9300","14851760.0000","60.0400","61.0700","59.5500"
"2015/11/17","59.9200","24645760.0000","59.3400","60.9000","59.2000"
"2015/11/16","57.8700","13253360.0000","56.3900","58.0300","56.3600"
"2015/11/13","56.4200","12506870.0000","56.7400","57.0600","56.3000"
"2015/11/12","56.9500","9536696.0000","57.6400","57.7700","56.9200"
"2015/11/11","57.5800","8688582.0000","58.5000","58.7300","57.4700"
"2015/11/10","58.6800","7608698.0000","58.3100","58.7100","58.3100"
"2015/11/09","58.4900","8436621.0000","58.5000","58.7800","58.0200"
"2015/11/06","58.7800","9976531.0000","58.9200","59.2000","58.3100"
"2015/11/05","58.6100","8854577.0000","58.5100","58.9800","58.4200"
"2015/11/04","58.3700","10055560.0000","58.5800","58.7600","58.1900"
"2015/11/03","58.1100","10251470.0000","57.5700","58.3300","57.5300"
"2015/11/02","57.6100","10715170.0000","57.2900","57.6100","56.7700"
"2015/10/30","57.2400","15798940.0000","57.7300","58.1200","57.2400"
"2015/10/29","57.9600","12842250.0000","57.7200","58.1200","57.4800"
"2015/10/28","57.6400","11827180.0000","57.6600","57.7200","57.1600"
"2015/10/27","57.4800","10505050.0000","58.0100","58.0400","57.3800"
"2015/10/26","58.0200","10832070.0000","58.4000","58.4500","57.9700"
"2015/10/23","58.3000","13037820.0000","59.1900","59.2800","58.2200"
"2015/10/22","58.9000","14576990.0000","58.9400","59.9600","58.6400"
"2015/10/21","58.6400","13134870.0000","58.8000","59.0350","58.5700"
"2015/10/20","58.7500","10419870.0000","58.8600","59.0000","58.5700"
"2015/10/19","58.8500","17802240.0000","58.7900","59.3000","58.5000"
"2015/10/16","58.8900","25898570.0000","59.4700","59.4900","58.3700"
"2015/10/15","59.3300","46220110.0000","59.7000","60.4700","58.6100"
"2015/10/14","60.0300","80751840.0000","66.6100","67.9500","60.0200"
"2015/10/13","66.7300","8814695.0000","66.6200","66.9400","66.2600"
"2015/10/12","66.9300","5643470.0000","66.6700","67.0000","66.5800"
"2015/10/09","66.6900","6748858.0000","66.9400","67.0200","66.5050"
"2015/10/08","66.8800","5943893.0000","66.2300","66.9860","66.1500"
"2015/10/07","66.3600","7182829.0000","65.8400","66.3600","65.7700"
"2015/10/06","65.6800","7389972.0000","65.5400","65.9500","65.1800"
"2015/10/05","65.8700","6271449.0000","65.2100","65.9200","65.1400"
"2015/10/02","64.9800","7081729.0000","63.7600","64.9800","63.4100"
"2015/10/01","64.2700","7836339.0000","64.7600","64.9400","63.8750"
"2015/09/30","64.8400","7978468.0000","64.4300","64.9400","63.9300"
"2015/09/29","63.7800","7639949.0000","63.7500","64.0400","63.2340"
"2015/09/28","63.6600","9393756.0000","63.6000","63.9500","63.4800"
"2015/09/25","63.7800","7163040.0000","64.0700","64.4600","63.6200"
"2015/09/24","63.8300","6955350.0000","63.3600","63.9750","63.3000"
"2015/09/23","63.7200","5873812.0000","63.7200","63.9299","63.1150"
"2015/09/22","63.5900","8800573.0000","63.2300","63.8200","62.9150"
"2015/09/21","63.7200","7118771.0000","63.7500","64.0000","63.3700"
"2015/09/18","63.3400","12872210.0000","63.7500","64.2300","63.2600"
"2015/09/17","64.4700","7060649.0000","64.7000","65.2900","64.1600"
"2015/09/16","64.6900","5624164.0000","64.6000","64.7650","64.0500"
"2015/09/15","64.3200","6807579.0000","64.4800","64.7000","64.0500"
"2015/09/14","64.2800","6905535.0000","64.6500","64.6700","63.8200"
"2015/09/11","64.6500","8058905.0000","64.1800","64.6800","63.9900"
"2015/09/10","64.1200","14523080.0000","64.0700","64.6500","63.8300"
"2015/09/09","65.1200","9457162.0000","66.8600","67.0100","65.0100"
"2015/09/08","66.3800","17655850.0000","65.2300","66.5000","65.1800"
"2015/09/04","63.8900","9191591.0000","64.0700","64.3000","63.5100"
"2015/09/03","64.8600","8509362.0000","64.7200","65.0100","64.3900"
"2015/09/02","64.4400","9502505.0000","64.5900","64.9400","64.0600"
"2015/09/01","63.8200","13392910.0000","63.8000","64.3150","63.2700"
"2015/08/31","64.7300","8174452.0000","64.8200","65.0000","64.2900"
"2015/08/28","64.9400","14302510.0000","66.0900","66.1200","64.4500"
"2015/08/27","66.0800","13775110.0000","65.3200","66.1799","64.9500"
"2015/08/26","64.8300","13904110.0000","64.2300","64.8500","63.0200"
"2015/08/25","63.1000","14641990.0000","65.4500","65.7100","63.0000"
"2015/08/24","63.9500","22239180.0000","63.7400","66.1600","61.5000"
"2015/08/21","66.5400","15688810.0000","67.9100","68.3100","66.5400"
"2015/08/20","68.4300","9850978.0000","68.0800","69.3000","67.9400"
"2015/08/19","68.5700","16329210.0000","68.8700","69.3900","67.7700"
"2015/08/18","69.4800","21224560.0000","70.0000","70.5000","69.2400"
"2015/08/17","71.9100","7506355.0000","71.8300","72.2300","71.7600"
"2015/08/14","72.3800","5861354.0000","72.3000","72.6000","72.0400"
"2015/08/13","72.1100","7596045.0000","72.4000","72.7700","71.9700"
"2015/08/12","72.5800","8896372.0000","71.5300","72.6600","71.2700"
"2015/08/11","71.9300","6820459.0000","71.2500","72.3700","71.1500"
"2015/08/10","71.4800","6011438.0000","71.5000","71.7500","71.3400"
"2015/08/07","71.2500","7796793.0000","72.7100","72.8250","71.1700"
"2015/08/06","72.7900","6367600.0000","73.3500","73.3800","72.6600"
"2015/08/05","73.5100","8680722.0000","72.3900","73.6950","72.2500"
"2015/08/04","72.2500","5848748.0000","72.4200","72.8000","71.9300"
"2015/08/03","72.1800","5124175.0000","71.8400","72.3800","71.8400"
"2015/07/31","71.9800","7928121.0000","72.4400","72.4900","71.6630"
"2015/07/30","72.1600","4600718.0000","72.0300","72.5300","71.7803"
"2015/07/29","72.2300","4931480.0000","72.2500","72.6300","72.0900"
"2015/07/28","72.1000","8592294.0000","71.5300","72.3900","71.2300"
"2015/07/27","71.3800","6189872.0000","71.3800","71.6500","71.0100"
"2015/07/24","71.5800","5855687.0000","72.5300","72.5600","71.5000"
"2015/07/23","72.5100","4245262.0000","73.0700","73.2200","72.4200"
"2015/07/22","73.1600","6961491.0000","72.7800","73.8200","72.7800"
"2015/07/21","72.7400","6427387.0000","73.1000","73.2900","72.5300"
"2015/07/20","73.1000","5085441.0000","73.3500","73.4400","73.0599"
"2015/07/17","73.3900","5644888.0000","73.7400","74.0700","73.3100"
"2015/07/16","73.8300","5224099.0000","73.9700","74.1400","73.7600"
"2015/07/15","73.6500","4562958.0000","73.5900","73.9000","73.1900"
"2015/07/14","73.7900","5484938.0000","73.9800","74.0900","73.4838"
"2015/07/13","73.8800","6048564.0000","73.5100","74.1050","73.5100"
"2015/07/10","73.1200","5579323.0000","73.0800","73.5501","73.0800"
"2015/07/09","72.7800","8693362.0000","73.6700","73.7300","72.7100"
"2015/07/08","73.0600","7790905.0000","73.3000","73.5900","72.9000"
"2015/07/07","73.7900","12375550.0000","72.6600","73.8600","72.0000"
"2015/07/06","72.5300","10517490.0000","71.3800","72.6900","71.3800"
"2015/07/02","71.8600","6585960.0000","72.0200","72.5600","71.6600"
"2015/07/01","71.8800","10772220.0000","71.6000","71.9500","70.3600"
"2015/06/30","70.9300","11097250.0000","71.8100","71.8100","70.7800"
"2015/06/29","71.4200","8177017.0000","71.8000","72.0000","71.4100"
"2015/06/26","72.1200","6892729.0000","71.9600","72.4600","71.8700"
"2015/06/25","71.8600","5285808.0000","72.4500","72.6300","71.8300"
"2015/06/24","72.3800","7338351.0000","72.5600","72.6500","72.1400"
"2015/06/23","72.5700","7860047.0000","72.8900","72.9400","72.3400"
"2015/06/22","72.7900","6489211.0000","72.9800","73.1899","72.6950"
"2015/06/19","72.7400","14486170.0000","72.8000","73.2200","72.7000"
"2015/06/18","72.9800","8376181.0000","72.7400","73.4800","72.7400"
"2015/06/17","72.7300","5703855.0000","72.6300","72.9000","72.3400"
"2015/06/16","72.3500","6172128.0000","72.2200","72.5800","71.7200"
"2015/06/15","71.9300","7479914.0000","72.2000","72.4000","71.7000"
"2015/06/12","72.4300","7243377.0000","72.7400","72.9000","72.4000"
"2015/06/11","72.9400","7411469.0000","73.2300","73.6700","72.8400"
"2015/06/10","72.9300","11214880.0000","72.7100","73.3300","72.3364"
"2015/06/09","72.4700","8329537.0000","72.7000","72.8500","72.3600"
"2015/06/08","72.6100","9592051.0000","73.4300","73.4900","72.6000"
"2015/06/05","73.0600","10632720.0000","74.1700","74.2700","72.9800"
"2015/06/04","74.1500","8968025.0000","74.4600","74.9800","73.9500"
"2015/06/03","74.8900","6092195.0000","74.7000","75.2000","74.4750"
"2015/06/02","74.5300","5788095.0000","74.5400","75.0000","74.4200"
"2015/06/01","74.7300","5645505.0000","74.6900","75.0800","74.4100"
"2015/05/29","74.2700","6350885.0000","74.8200","74.8800","74.1500"
"2015/05/28","74.8400","5023761.0000","75.0700","75.1600","74.6500"
"2015/05/27","75.1900","6986823.0000","75.0100","75.5100","75.0000"
"2015/05/26","74.9000","10561670.0000","75.7700","75.8300","74.8150"
"2015/05/22","75.8600","6814894.0000","76.2000","76.3800","75.8600"
"2015/05/21","76.1100","6166798.0000","75.8000","76.4200","75.5600"
"2015/05/20","75.9000","10513830.0000","76.4800","76.5000","75.8300"
"2015/05/19","76.4300","22374930.0000","78.1800","78.3600","76.2300"
"2015/05/18","79.9200","8276564.0000","79.3700","79.9400","79.1600"
"2015/05/15","79.2400","6587546.0000","78.7100","79.2500","78.5700"
"2015/05/14","78.7200","6169766.0000","78.3700","78.7700","78.0200"
"2015/05/13","78.1600","8377401.0000","79.1800","79.4300","77.9800"
"2015/05/12","78.9600","8439472.0000","78.0200","79.4800","77.8700"
"2015/05/11","78.1000","3734592.0000","78.3200","78.6099","78.0300"
"2015/05/08","78.5300","5346476.0000","78.6000","79.2500","78.4000"
"2015/05/07","78.0300","5538277.0000","77.7300","78.3400","77.3000"
"2015/05/06","77.6500","5459502.0000","77.9200","78.1200","77.1700"
"2015/05/05","78.1300","5855327.0000","79.0100","79.0100","78.0600"
"2015/05/04","79.1800","6634932.0000","78.9800","79.5450","78.4600"
"2015/05/01","78.6000","4999717.0000","78.2000","78.7600","78.1702"
"2015/04/30","78.0500","8790162.0000","77.8300","78.4800","77.5900"
"2015/04/29","77.8800","7073561.0000","78.7000","78.7849","77.7900"
"2015/04/28","79.1000","4888825.0000","79.4600","79.4800","78.7700"
"2015/04/27","79.3700","6441108.0000","79.7700","79.8600","79.2900"
"2015/04/24","79.8400","6845782.0000","79.3800","80.9300","79.2400"
"2015/04/23","79.1800","7439548.0000","78.3800","79.5400","78.2000"
"2015/04/22","78.4300","7594668.0000","77.7300","78.6400","77.5500"
"2015/04/21","78.0300","6186718.0000","78.6100","78.8400","77.9050"
"2015/04/20","78.1400","8846316.0000","78.3900","78.8300","78.0200"
"2015/04/17","77.8800","11790390.0000","78.9400","79.1500","77.5500"
"2015/04/16","79.2400","8011878.0000","79.5000","79.8900","79.1300"
"2015/04/15","79.7400","6178464.0000","80.5800","80.9800","79.6510"
"2015/04/14","80.1500","5510439.0000","80.2900","80.4200","79.6800"
"2015/04/13","80.2900","4678188.0000","80.4000","80.9200","80.2700"
"2015/04/10","80.6500","5480304.0000","80.8600","81.0000","80.5452"
"2015/04/09","80.8400","3920862.0000","80.8400","81.3900","80.5800"
"2015/04/08","81.0300","6691834.0000","80.3900","81.2300","80.3600"
"2015/04/07","80.5000","6583331.0000","81.0900","81.2900","80.4600"
"2015/04/06","80.9900","6363172.0000","80.4600","81.3300","80.1500"
"2015/04/02","80.7300","5795731.0000","80.7300","81.3150","80.5500"
"2015/04/01","80.7100","8273269.0000","82.2800","82.2800","80.4300"
"2015/03/31","82.2500","5587701.0000","82.3900","83.0400","82.2500"
"2015/03/30","82.5300","5695280.0000","81.7000","82.8000","81.4300"
"2015/03/27","81.3500","5711307.0000","81.8500","82.1800","81.2450"
"2015/03/26","81.8900","8263996.0000","80.9300","82.3100","80.6500"
"2015/03/25","81.3200","6643373.0000","83.0900","83.2500","81.3100"
"2015/03/24","83.0500","5336562.0000","83.1900","83.7100","82.9600"
"2015/03/23","83.3100","6502115.0000","83.1800","83.9000","83.1200"
"2015/03/20","83.2400","12286470.0000","81.8300","83.4900","81.7100"
"2015/03/19","81.5200","7197819.0000","82.3300","82.4400","81.3700"
"2015/03/18","82.5300","10224250.0000","81.9800","82.9600","81.1550"
"2015/03/17","82.6200","4801944.0000","82.9800","83.0100","82.2400"
"2015/03/16","83.2900","6481098.0000","82.4500","83.3700","82.4400"
"2015/03/13","81.9000","4744047.0000","81.9500","82.2500","81.2900"
"2015/03/12","81.9000","5225526.0000","80.8100","82.1200","80.7800"
"2015/03/11","80.6900","6159797.0000","81.8200","81.9700","80.5400"
"2015/03/10","82.0700","6306113.0000","82.2700","82.5000","82.0700"
"2015/03/09","82.8800","4671457.0000","82.5900","83.3400","82.5400"
"2015/03/06","82.5900","5729981.0000","82.8100","83.1000","82.3750"
"2015/03/05","83.5700","5984359.0000","83.1500","83.8700","82.9600"
"2015/03/04","82.5800","6199876.0000","83.2100","83.2100","82.2000"
"2015/03/03","83.3700","6459916.0000","83.6600","83.8200","83.1700"
"2015/03/02","83.9600","6061365.0000","83.8900","84.0000","83.2000"
"2015/02/27","83.9300","5877422.0000","83.7200","84.1600","83.4000"
"2015/02/26","83.8000","5875705.0000","83.8500","83.8600","83.2700"
"2015/02/25","83.5700","6808088.0000","84.6300","84.7160","83.5200"
"2015/02/24","84.5700","5193641.0000","84.5200","84.8200","83.9200"
"2015/02/23","84.6000","6706612.0000","84.3900","84.8600","84.2300"
"2015/02/20","84.3000","13829640.0000","82.7300","84.3800","82.5500"
"2015/02/19","83.5200","18610950.0000","84.5000","84.8000","83.3900"
"2015/02/18","86.2900","6015068.0000","85.9800","86.3000","85.5200"
"2015/02/17","85.9600","5066580.0000","85.4300","85.9700","84.9700"
"2015/02/13","85.8100","5572101.0000","85.8400","86.1600","85.3200"
"2015/02/12","85.8900","6923493.0000","86.5600","86.6800","85.2300"
"2015/02/11","86.3400","5828327.0000","86.6300","87.1200","85.9200"
"2015/02/10","87.2900","5690486.0000","86.6200","87.4100","86.4200"
"2015/02/09","85.9100","5396388.0000","86.9700","87.1900","85.6400"
"2015/02/06","87.3300","5612414.0000","87.2600","88.0000","86.7800"
"2015/02/05","87.2800","5007073.0000","87.1100","87.3600","86.5600"
"2015/02/04","86.6500","8908561.0000","86.1100","87.0350","86.0000"
"2015/02/03","86.1900","8257833.0000","85.8300","86.5250","85.6600"
"2015/02/02","85.7100","6875399.0000","84.7900","85.8700","83.9300"
"2015/01/30","84.9800","10238350.0000","86.7800","87.3600","84.9000"
"2015/01/29","87.7200","6479026.0000","87.0700","87.7200","86.2700"
"2015/01/28","86.8200","5890273.0000","88.0200","88.2300","86.7700"
"2015/01/27","87.5300","6020450.0000","88.2800","88.4600","87.2600"
"2015/01/26","88.6300","4666660.0000","88.3100","89.1600","88.1200"
"2015/01/23","88.5100","7550926.0000","88.4200","89.2600","87.8900"
"2015/01/22","88.3000","7070914.0000","87.2300","88.3950","86.8600"
"2015/01/21","86.6400","8174002.0000","86.1000","86.9100","85.7100"
"2015/01/20","86.6900","7657311.0000","86.8200","87.7000","85.5520"
"2015/01/16","86.7700","8408555.0000","87.2000","87.4600","86.2300"
